Initial Config Label,Initial Config 2jj,Initial Config eig,Initial Config,Final Config Label,Final Config 2jj,Final Config eig,Final Config,Intensity (a.u.),Energy (eV),Energy width (eV)
1s,1,0,1s1 2s2 2p*2 2p4 3s2 3p*2 3p4 3d*4 3d6 4s1 6s1,2p,1,0,1s2 2s2 2p*2 2p3 3s2 3p*2 3p4 3d*4 3d6 4s1 6s1,1.497327666831418e-06,8045.771870000004,6.282316966661734
1s,1,0,1s1 2s2 2p*2 2p4 3s2 3p*2 3p4 3d*4 3d6 4s1 6s1,2p,1,1,1s2 2s2 2p*1 2p4 3s2 3p*2 3p4 3d*4 3d6 4s1 6s1,0.0014395982435406864,8027.104920000005,6.268490254930713
1s,1,0,1s1 2s2 2p*2 2p4 3s2 3p*2 3p4 3d*4 3d6 4s1 6s1,2p,1,2,1s2 2s2 2p*1 2p4 3s2 3p*2 3p4 3d*4 3d6 4s1 6s1,1.4338667692427097e-06,8025.240770000004,6.240891949661925
1s,1,0,1s1 2s2 2p*2 2p4 3s2 3p*2 3p4 3d*4 3d6 4s1 6s1,2p,3,0,1s2 2s2 2p*2 2p3 3s2 3p*2 3p4 3d*4 3d6 4s1 6s1,0.011863292816167614,8047.142100000005,6.2862438466689206
1s,1,0,1s1 2s2 2p*2 2p4 3s2 3p*2 3p4 3d*4 3d6 4s1 6s1,2p,3,1,1s2 2s2 2p*2 2p3 3s2 3p*2 3p4 3d*4 3d6 4s1 6s1,0.0007831830073013009,8047.043310000001,6.278319193176559
1s,1,0,1s1 2s2 2p*2 2p4 3s2 3p*2 3p4 3d*4 3d6 4s1 6s1,2p,3,2,1s2 2s2 2p*1 2p4 3s2 3p*2 3p4 3d*4 3d6 4s1 6s1,1.8448505014354033e-06,8025.749460000006,6.277480650186765
1s,1,0,1s1 2s2 2p*2 2p4 3s2 3p*2 3p4 3d*4 3d6 4s1 6s1,2p,5,0,1s2 2s2 2p*2 2p3 3s2 3p*2 3p4 3d*4 3d6 4s1 6s1,1.7691387626599086e-10,8045.85716,6.28413904746936
1s,1,0,1s1 2s2 2p*2 2p4 3s2 3p*2 3p4 3d*4 3d6 4s1 6s1,2s,1,0,1s2 2s1 2p*2 2p4 3s2 3p*2 3p4 3d*4 3d6 4s1 6s1,1.3467276258979158e-13,7877.89531,12.362736792124403
1s,1,0,1s1 2s2 2p*2 2p4 3s2 3p*2 3p4 3d*4 3d6 4s1 6s1,2s,1,1,1s2 2s1 2p*2 2p4 3s2 3p*2 3p4 3d*4 3d6 4s1 6s1,8.421446235160422e-09,7879.525910000004,12.09096554878639
1s,1,0,1s1 2s2 2p*2 2p4 3s2 3p*2 3p4 3d*4 3d6 4s1 6s1,2s,3,0,1s2 2s1 2p*2 2p4 3s2 3p*2 3p4 3d*4 3d6 4s1 6s1,4.921662890707014e-12,7878.397090000006,12.162192423026093
1s,1,0,1s1 2s2 2p*2 2p4 3s2 3p*2 3p4 3d*4 3d6 4s1 6s1,3d,1,0,1s2 2s2 2p*2 2p4 3s2 3p*2 3p4 3d*3 3d6 4s1 6s1,7.784497277518607e-14,8977.102200000001,5.555464747748745
1s,1,0,1s1 2s2 2p*2 2p4 3s2 3p*2 3p4 3d*4 3d6 4s1 6s1,3d,3,0,1s2 2s2 2p*2 2p4 3s2 3p*2 3p4 3d*3 3d6 4s1 6s1,1.775510029437659e-08,8978.537320000003,5.555464747748745
1s,1,0,1s1 2s2 2p*2 2p4 3s2 3p*2 3p4 3d*4 3d6 4s1 6s1,3d,3,1,1s2 2s2 2p*2 2p4 3s2 3p*2 3p4 3d*3 3d6 4s1 6s1,3.136849212292639e-07,8978.386400000003,5.555464747748745
1s,1,0,1s1 2s2 2p*2 2p4 3s2 3p*2 3p4 3d*4 3d6 4s1 6s1,3d,3,2,1s2 2s2 2p*2 2p4 3s2 3p*2 3p4 3d*3 3d6 4s1 6s1,2.7272605831461195e-06,8978.009680000003,5.555464747748746
1s,1,0,1s1 2s2 2p*2 2p4 3s2 3p*2 3p4 3d*4 3d6 4s1 6s1,3d,5,0,1s2 2s2 2p*2 2p4 3s2 3p*2 3p4 3d*3 3d6 4s1 6s1,4.1369100222284894e-07,8978.631670000002,5.555464747748745
1s,1,0,1s1 2s2 2p*2 2p4 3s2 3p*2 3p4 3d*4 3d6 4s1 6s1,3d,5,1,1s2 2s2 2p*2 2p4 3s2 3p*2 3p4 3d*3 3d6 4s1 6s1,1.287908185789791e-06,8978.518280000004,5.555464747748745
1s,1,0,1s1 2s2 2p*2 2p4 3s2 3p*2 3p4 3d*4 3d6 4s1 6s1,3d,5,2,1s2 2s2 2p*2 2p4 3s2 3p*2 3p4 3d*3 3d6 4s1 6s1,2.863032840960412e-06,8978.026060000004,5.555464747748745
1s,1,0,1s1 2s2 2p*2 2p4 3s2 3p*2 3p4 3d*4 3d6 4s1 6s1,3d,7,0,1s2 2s2 2p*2 2p4 3s2 3p*2 3p4 3d*4 3d5 4s1 6s1,1.0109432060964534e-12,8977.350880000005,5.555464747748745
1s,1,0,1s1 2s2 2p*2 2p4 3s2 3p*2 3p4 3d*4 3d6 4s1 6s1,3p,1,0,1s2 2s2 2p*2 2p4 3s2 3p*1 3p4 3d*4 3d6 4s1 6s1,0.0007246301473930822,8902.688720000006,8.214223147152126
1s,1,0,1s1 2s2 2p*2 2p4 3s2 3p*2 3p4 3d*4 3d6 4s1 6s1,3p,1,1,1s2 2s2 2p*2 2p4 3s2 3p*1 3p4 3d*4 3d6 4s1 6s1,0.00027506722487022995,8900.42265,8.404703005909633
1s,1,0,1s1 2s2 2p*2 2p4 3s2 3p*2 3p4 3d*4 3d6 4s1 6s1,3p,1,2,1s2 2s2 2p*2 2p4 3s2 3p*1 3p4 3d*4 3d6 4s1 6s1,5.183800087281142e-08,8898.458300000006,8.394932145945166
1s,1,0,1s1 2s2 2p*2 2p4 3s2 3p*2 3p4 3d*4 3d6 4s1 6s1,3p,3,0,1s2 2s2 2p*2 2p4 3s2 3p*1 3p4 3d*4 3d6 4s1 6s1,0.0016943659785885268,8902.902270000006,8.302893848229544
1s,1,0,1s1 2s2 2p*2 2p4 3s2 3p*2 3p4 3d*4 3d6 4s1 6s1,3p,3,1,1s2 2s2 2p*2 2p4 3s2 3p*1 3p4 3d*4 3d6 4s1 6s1,7.825787588481808e-06,8902.660650000005,8.195390627970628
1s,1,0,1s1 2s2 2p*2 2p4 3s2 3p*2 3p4 3d*4 3d6 4s1 6s1,3p,3,2,1s2 2s2 2p*2 2p4 3s2 3p*1 3p4 3d*4 3d6 4s1 6s1,2.8513862482267457e-07,8898.965070000006,8.3348745662102
1s,1,0,1s1 2s2 2p*2 2p4 3s2 3p*2 3p4 3d*4 3d6 4s1 6s1,3p,5,0,1s2 2s2 2p*2 2p4 3s2 3p*2 3p3 3d*4 3d6 4s1 6s1,4.2583817333189413e-11,8901.62674,8.326358010685322
1s,1,0,1s1 2s2 2p*2 2p4 3s2 3p*2 3p4 3d*4 3d6 4s1 6s1,3s,1,0,1s2 2s2 2p*2 2p4 3s1 3p*2 3p4 3d*4 3d6 4s1 6s1,1.0817617172025643e-14,8852.279240000003,8.950516303434021
1s,1,0,1s1 2s2 2p*2 2p4 3s2 3p*2 3p4 3d*4 3d6 4s1 6s1,3s,1,1,1s2 2s2 2p*2 2p4 3s1 3p*2 3p4 3d*4 3d6 4s1 6s1,2.503895995647193e-09,8853.797280000006,8.507797559552051
1s,1,0,1s1 2s2 2p*2 2p4 3s2 3p*2 3p4 3d*4 3d6 4s1 6s1,3s,3,0,1s2 2s2 2p*2 2p4 3s1 3p*2 3p4 3d*4 3d6 4s1 6s1,4.755909246409973e-12,8852.783360000001,8.728873266959257
1s,1,0,1s1 2s2 2p*2 2p4 3s2 3p*2 3p4 3d*4 3d6 4s1 6s1,4s,1,0,1s2 2s2 2p*2 2p4 3s2 3p*2 3p4 3d*4 3d6 6s1,2.335648345479921e-12,8977.979830000004,5.555464747748745
1s,1,0,1s1 2s2 2p*2 2p4 3s2 3p*2 3p4 3d*4 3d6 4s1 6s1,6s,1,0,1s2 2s2 2p*2 2p4 3s2 3p*2 3p4 3d*4 3d6 4s1,7.341085545008473e-12,8983.426320000006,5.555464747748745
1s,1,1,1s1 2s2 2p*2 2p4 3s2 3p*2 3p4 3d*4 3d6 4s1 6s1,1s,1,0,1s1 2s2 2p*2 2p4 3s2 3p*2 3p4 3d*4 3d6 4s1 6s1,4.832607208131346e-22,0.0837299999984679,6.874103389578795
1s,1,1,1s1 2s2 2p*2 2p4 3s2 3p*2 3p4 3d*4 3d6 4s1 6s1,2p,1,0,1s2 2s2 2p*2 2p3 3s2 3p*2 3p4 3d*4 3d6 4s1 6s1,7.407899582335859e-06,8045.855600000003,2.0454908607430387
1s,1,1,1s1 2s2 2p*2 2p4 3s2 3p*2 3p4 3d*4 3d6 4s1 6s1,2p,1,1,1s2 2s2 2p*1 2p4 3s2 3p*2 3p4 3d*4 3d6 4s1 6s1,1.2235639978304877e-05,8027.188650000004,2.0316641490120184
1s,1,1,1s1 2s2 2p*2 2p4 3s2 3p*2 3p4 3d*4 3d6 4s1 6s1,2p,1,2,1s2 2s2 2p*1 2p4 3s2 3p*2 3p4 3d*4 3d6 4s1 6s1,2.0115033827126026e-05,8025.324500000002,2.0040658437432297
1s,1,1,1s1 2s2 2p*2 2p4 3s2 3p*2 3p4 3d*4 3d6 4s1 6s1,2p,3,0,1s2 2s2 2p*2 2p3 3s2 3p*2 3p4 3d*4 3d6 4s1 6s1,1.197426720717674e-05,8047.225830000003,2.0494177407502256
1s,1,1,1s1 2s2 2p*2 2p4 3s2 3p*2 3p4 3d*4 3d6 4s1 6s1,2p,3,1,1s2 2s2 2p*2 2p3 3s2 3p*2 3p4 3d*4 3d6 4s1 6s1,0.06428048066987027,8047.127039999999,2.041493087257864
1s,1,1,1s1 2s2 2p*2 2p4 3s2 3p*2 3p4 3d*4 3d6 4s1 6s1,2p,3,2,1s2 2s2 2p*1 2p4 3s2 3p*2 3p4 3d*4 3d6 4s1 6s1,8.788863772899382e-06,8025.833190000005,2.0406545442680706
1s,1,1,1s1 2s2 2p*2 2p4 3s2 3p*2 3p4 3d*4 3d6 4s1 6s1,2p,5,0,1s2 2s2 2p*2 2p3 3s2 3p*2 3p4 3d*4 3d6 4s1 6s1,7.988971996506809e-10,8045.940889999998,2.0473129415506652
1s,1,1,1s1 2s2 2p*2 2p4 3s2 3p*2 3p4 3d*4 3d6 4s1 6s1,2s,1,0,1s2 2s1 2p*2 2p4 3s2 3p*2 3p4 3d*4 3d6 4s1 6s1,3.222204021627889e-11,7877.979039999998,8.12591068620571
1s,1,1,1s1 2s2 2p*2 2p4 3s2 3p*2 3p4 3d*4 3d6 4s1 6s1,2s,1,1,1s2 2s1 2p*2 2p4 3s2 3p*2 3p4 3d*4 3d6 4s1 6s1,1.6174163876194272e-08,7879.609640000002,7.854139442867694
1s,1,1,1s1 2s2 2p*2 2p4 3s2 3p*2 3p4 3d*4 3d6 4s1 6s1,2s,3,0,1s2 2s1 2p*2 2p4 3s2 3p*2 3p4 3d*4 3d6 4s1 6s1,2.2334674543314217e-11,7878.480820000004,7.9253663171073985
1s,1,1,1s1 2s2 2p*2 2p4 3s2 3p*2 3p4 3d*4 3d6 4s1 6s1,3d,1,0,1s2 2s2 2p*2 2p4 3s2 3p*2 3p4 3d*3 3d6 4s1 6s1,1.7179098192687416e-13,8977.18593,1.3186386418300502
1s,1,1,1s1 2s2 2p*2 2p4 3s2 3p*2 3p4 3d*4 3d6 4s1 6s1,3d,3,0,1s2 2s2 2p*2 2p4 3s2 3p*2 3p4 3d*3 3d6 4s1 6s1,5.80404787374323e-06,8978.621050000002,1.3186386418300502
1s,1,1,1s1 2s2 2p*2 2p4 3s2 3p*2 3p4 3d*4 3d6 4s1 6s1,3d,3,1,1s2 2s2 2p*2 2p4 3s2 3p*2 3p4 3d*3 3d6 4s1 6s1,2.4118548385890826e-06,8978.470130000002,1.3186386418300504
1s,1,1,1s1 2s2 2p*2 2p4 3s2 3p*2 3p4 3d*4 3d6 4s1 6s1,3d,3,2,1s2 2s2 2p*2 2p4 3s2 3p*2 3p4 3d*3 3d6 4s1 6s1,4.310048850958239e-05,8978.093410000001,1.3186386418300513
1s,1,1,1s1 2s2 2p*2 2p4 3s2 3p*2 3p4 3d*4 3d6 4s1 6s1,3d,5,0,1s2 2s2 2p*2 2p4 3s2 3p*2 3p4 3d*3 3d6 4s1 6s1,2.456230182305084e-06,8978.715400000001,1.3186386418300504
1s,1,1,1s1 2s2 2p*2 2p4 3s2 3p*2 3p4 3d*4 3d6 4s1 6s1,3d,5,1,1s2 2s2 2p*2 2p4 3s2 3p*2 3p4 3d*3 3d6 4s1 6s1,1.0273066776331993e-06,8978.602010000002,1.3186386418300504
1s,1,1,1s1 2s2 2p*2 2p4 3s2 3p*2 3p4 3d*4 3d6 4s1 6s1,3d,5,2,1s2 2s2 2p*2 2p4 3s2 3p*2 3p4 3d*3 3d6 4s1 6s1,7.330105461771867e-05,8978.109790000002,1.3186386418300509
1s,1,1,1s1 2s2 2p*2 2p4 3s2 3p*2 3p4 3d*4 3d6 4s1 6s1,3d,7,0,1s2 2s2 2p*2 2p4 3s2 3p*2 3p4 3d*4 3d5 4s1 6s1,2.8460119204854305e-13,8977.434610000004,1.3186386418300502
1s,1,1,1s1 2s2 2p*2 2p4 3s2 3p*2 3p4 3d*4 3d6 4s1 6s1,3p,1,0,1s2 2s2 2p*2 2p4 3s2 3p*1 3p4 3d*4 3d6 4s1 6s1,0.0012350047501136232,8902.772450000004,3.977397041233432
1s,1,1,1s1 2s2 2p*2 2p4 3s2 3p*2 3p4 3d*4 3d6 4s1 6s1,3p,1,1,1s2 2s2 2p*2 2p4 3s2 3p*1 3p4 3d*4 3d6 4s1 6s1,4.1768978617991456e-05,8900.506379999999,4.167876899990938
1s,1,1,1s1 2s2 2p*2 2p4 3s2 3p*2 3p4 3d*4 3d6 4s1 6s1,3p,1,2,1s2 2s2 2p*2 2p4 3s2 3p*1 3p4 3d*4 3d6 4s1 6s1,2.6800910627666567e-06,8898.542030000004,4.158106040026472
1s,1,1,1s1 2s2 2p*2 2p4 3s2 3p*2 3p4 3d*4 3d6 4s1 6s1,3p,3,0,1s2 2s2 2p*2 2p4 3s2 3p*1 3p4 3d*4 3d6 4s1 6s1,0.0006554123460002429,8902.986000000004,4.0660677423108496
1s,1,1,1s1 2s2 2p*2 2p4 3s2 3p*2 3p4 3d*4 3d6 4s1 6s1,3p,3,1,1s2 2s2 2p*2 2p4 3s2 3p*1 3p4 3d*4 3d6 4s1 6s1,0.007193797284210032,8902.744380000004,3.958564522051933
1s,1,1,1s1 2s2 2p*2 2p4 3s2 3p*2 3p4 3d*4 3d6 4s1 6s1,3p,3,2,1s2 2s2 2p*2 2p4 3s2 3p*1 3p4 3d*4 3d6 4s1 6s1,1.4635876862732093e-06,8899.048800000004,4.098048460291505
1s,1,1,1s1 2s2 2p*2 2p4 3s2 3p*2 3p4 3d*4 3d6 4s1 6s1,3p,5,0,1s2 2s2 2p*2 2p4 3s2 3p*2 3p3 3d*4 3d6 4s1 6s1,1.6620662694574066e-10,8901.710469999998,4.089531904766626
1s,1,1,1s1 2s2 2p*2 2p4 3s2 3p*2 3p4 3d*4 3d6 4s1 6s1,3s,1,0,1s2 2s2 2p*2 2p4 3s1 3p*2 3p4 3d*4 3d6 4s1 6s1,3.278609126688724e-13,8852.362970000002,4.7136901975153265
1s,1,1,1s1 2s2 2p*2 2p4 3s2 3p*2 3p4 3d*4 3d6 4s1 6s1,3s,1,1,1s2 2s2 2p*2 2p4 3s1 3p*2 3p4 3d*4 3d6 4s1 6s1,2.5233921901452194e-09,8853.881010000005,4.270971453633356
1s,1,1,1s1 2s2 2p*2 2p4 3s2 3p*2 3p4 3d*4 3d6 4s1 6s1,3s,3,0,1s2 2s2 2p*2 2p4 3s1 3p*2 3p4 3d*4 3d6 4s1 6s1,7.782144958613386e-13,8852.86709,4.492047161040562
1s,1,1,1s1 2s2 2p*2 2p4 3s2 3p*2 3p4 3d*4 3d6 4s1 6s1,4s,1,0,1s2 2s2 2p*2 2p4 3s2 3p*2 3p4 3d*4 3d6 6s1,5.572400093821931e-12,8978.063560000002,1.3186386418300504
1s,1,1,1s1 2s2 2p*2 2p4 3s2 3p*2 3p4 3d*4 3d6 4s1 6s1,6s,1,0,1s2 2s2 2p*2 2p4 3s2 3p*2 3p4 3d*4 3d6 4s1,1.3162605468156404e-11,8983.510050000004,1.3186386418300502
1s,3,0,1s1 2s2 2p*2 2p4 3s2 3p*2 3p4 3d*4 3d6 4s1 6s1,1s,1,0,1s1 2s2 2p*2 2p4 3s2 3p*2 3p4 3d*4 3d6 4s1 6s1,1.0363692188338146e-21,1.2796999999991383,6.880666920710515
1s,3,0,1s1 2s2 2p*2 2p4 3s2 3p*2 3p4 3d*4 3d6 4s1 6s1,1s,1,1,1s1 2s2 2p*2 2p4 3s2 3p*2 3p4 3d*4 3d6 4s1 6s1,7.5958240573789325e-22,1.1959700000006706,2.6438408147918206
1s,3,0,1s1 2s2 2p*2 2p4 3s2 3p*2 3p4 3d*4 3d6 4s1 6s1,2p,1,0,1s2 2s2 2p*2 2p3 3s2 3p*2 3p4 3d*4 3d6 4s1 6s1,0.004249711809516142,8047.051570000003,2.052054391874759
1s,3,0,1s1 2s2 2p*2 2p4 3s2 3p*2 3p4 3d*4 3d6 4s1 6s1,2p,1,1,1s2 2s2 2p*1 2p4 3s2 3p*2 3p4 3d*4 3d6 4s1 6s1,1.9076691627906884e-06,8028.384620000004,2.0382276801437387
1s,3,0,1s1 2s2 2p*2 2p4 3s2 3p*2 3p4 3d*4 3d6 4s1 6s1,2p,1,2,1s2 2s2 2p*1 2p4 3s2 3p*2 3p4 3d*4 3d6 4s1 6s1,2.4256600639052487e-06,8026.520470000003,2.0106293748749504
1s,3,0,1s1 2s2 2p*2 2p4 3s2 3p*2 3p4 3d*4 3d6 4s1 6s1,2p,3,0,1s2 2s2 2p*2 2p3 3s2 3p*2 3p4 3d*4 3d6 4s1 6s1,3.387809201662872e-06,8048.421800000004,2.055981271881946
1s,3,0,1s1 2s2 2p*2 2p4 3s2 3p*2 3p4 3d*4 3d6 4s1 6s1,2p,3,1,1s2 2s2 2p*2 2p3 3s2 3p*2 3p4 3d*4 3d6 4s1 6s1,1.9128769359960946e-05,8048.32301,2.0480566183895843
1s,3,0,1s1 2s2 2p*2 2p4 3s2 3p*2 3p4 3d*4 3d6 4s1 6s1,2p,3,2,1s2 2s2 2p*1 2p4 3s2 3p*2 3p4 3d*4 3d6 4s1 6s1,0.04299355770591999,8027.029160000005,2.047218075399791
1s,3,0,1s1 2s2 2p*2 2p4 3s2 3p*2 3p4 3d*4 3d6 4s1 6s1,2p,5,0,1s2 2s2 2p*2 2p3 3s2 3p*2 3p4 3d*4 3d6 4s1 6s1,0.11381852826751343,8047.136859999999,2.053876472682386
1s,3,0,1s1 2s2 2p*2 2p4 3s2 3p*2 3p4 3d*4 3d6 4s1 6s1,2s,1,0,1s2 2s1 2p*2 2p4 3s2 3p*2 3p4 3d*4 3d6 4s1 6s1,8.648454839850803e-11,7879.175009999999,8.13247421733743
1s,3,0,1s1 2s2 2p*2 2p4 3s2 3p*2 3p4 3d*4 3d6 4s1 6s1,2s,1,1,1s2 2s1 2p*2 2p4 3s2 3p*2 3p4 3d*4 3d6 4s1 6s1,5.779908060466614e-11,7880.805610000003,7.860702973999414
1s,3,0,1s1 2s2 2p*2 2p4 3s2 3p*2 3p4 3d*4 3d6 4s1 6s1,2s,3,0,1s2 2s1 2p*2 2p4 3s2 3p*2 3p4 3d*4 3d6 4s1 6s1,1.0496506547434536e-07,7879.676790000005,7.931929848239119
1s,3,0,1s1 2s2 2p*2 2p4 3s2 3p*2 3p4 3d*4 3d6 4s1 6s1,3d,1,0,1s2 2s2 2p*2 2p4 3s2 3p*2 3p4 3d*3 3d6 4s1 6s1,2.6122309603427085e-06,8978.3819,1.3252021729617707
1s,3,0,1s1 2s2 2p*2 2p4 3s2 3p*2 3p4 3d*4 3d6 4s1 6s1,3d,3,0,1s2 2s2 2p*2 2p4 3s2 3p*2 3p4 3d*3 3d6 4s1 6s1,3.3939432979038613e-10,8979.817020000002,1.3252021729617707
1s,3,0,1s1 2s2 2p*2 2p4 3s2 3p*2 3p4 3d*4 3d6 4s1 6s1,3d,3,1,1s2 2s2 2p*2 2p4 3s2 3p*2 3p4 3d*3 3d6 4s1 6s1,1.901805761485031e-09,8979.666100000002,1.325202172961771
1s,3,0,1s1 2s2 2p*2 2p4 3s2 3p*2 3p4 3d*4 3d6 4s1 6s1,3d,3,2,1s2 2s2 2p*2 2p4 3s2 3p*2 3p4 3d*3 3d6 4s1 6s1,1.871944881646306e-10,8979.289380000002,1.3252021729617718
1s,3,0,1s1 2s2 2p*2 2p4 3s2 3p*2 3p4 3d*4 3d6 4s1 6s1,3d,5,0,1s2 2s2 2p*2 2p4 3s2 3p*2 3p4 3d*3 3d6 4s1 6s1,2.60043462141773e-09,8979.911370000002,1.3252021729617707
1s,3,0,1s1 2s2 2p*2 2p4 3s2 3p*2 3p4 3d*4 3d6 4s1 6s1,3d,5,1,1s2 2s2 2p*2 2p4 3s2 3p*2 3p4 3d*3 3d6 4s1 6s1,4.413792675363158e-09,8979.797980000003,1.325202172961771
1s,3,0,1s1 2s2 2p*2 2p4 3s2 3p*2 3p4 3d*4 3d6 4s1 6s1,3d,5,2,1s2 2s2 2p*2 2p4 3s2 3p*2 3p4 3d*3 3d6 4s1 6s1,2.1504452681860666e-10,8979.305760000003,1.3252021729617713
1s,3,0,1s1 2s2 2p*2 2p4 3s2 3p*2 3p4 3d*4 3d6 4s1 6s1,3d,7,0,1s2 2s2 2p*2 2p4 3s2 3p*2 3p4 3d*4 3d5 4s1 6s1,1.0083386341082921e-05,8978.630580000005,1.3252021729617707
1s,3,0,1s1 2s2 2p*2 2p4 3s2 3p*2 3p4 3d*4 3d6 4s1 6s1,3p,1,0,1s2 2s2 2p*2 2p4 3s2 3p*1 3p4 3d*4 3d6 4s1 6s1,9.151674241191516e-08,8903.968420000005,3.9839605723651523
1s,3,0,1s1 2s2 2p*2 2p4 3s2 3p*2 3p4 3d*4 3d6 4s1 6s1,3p,1,1,1s2 2s2 2p*2 2p4 3s2 3p*1 3p4 3d*4 3d6 4s1 6s1,2.7000950595354954e-07,8901.70235,4.174440431122658
1s,3,0,1s1 2s2 2p*2 2p4 3s2 3p*2 3p4 3d*4 3d6 4s1 6s1,3p,1,2,1s2 2s2 2p*2 2p4 3s2 3p*1 3p4 3d*4 3d6 4s1 6s1,1.1504509917173383e-06,8899.738000000005,4.164669571158193
1s,3,0,1s1 2s2 2p*2 2p4 3s2 3p*2 3p4 3d*4 3d6 4s1 6s1,3p,3,0,1s2 2s2 2p*2 2p4 3s2 3p*1 3p4 3d*4 3d6 4s1 6s1,2.624151471256371e-06,8904.181970000005,4.07263127344257
1s,3,0,1s1 2s2 2p*2 2p4 3s2 3p*2 3p4 3d*4 3d6 4s1 6s1,3p,3,1,1s2 2s2 2p*2 2p4 3s2 3p*1 3p4 3d*4 3d6 4s1 6s1,2.978687333346882e-06,8903.940350000004,3.9651280531836535
1s,3,0,1s1 2s2 2p*2 2p4 3s2 3p*2 3p4 3d*4 3d6 4s1 6s1,3p,3,2,1s2 2s2 2p*2 2p4 3s2 3p*1 3p4 3d*4 3d6 4s1 6s1,0.0050819621464716766,8900.244770000005,4.1046119914232255
1s,3,0,1s1 2s2 2p*2 2p4 3s2 3p*2 3p4 3d*4 3d6 4s1 6s1,3p,5,0,1s2 2s2 2p*2 2p4 3s2 3p*2 3p3 3d*4 3d6 4s1 6s1,0.01517865972474152,8902.906439999999,4.096095435898347
1s,3,0,1s1 2s2 2p*2 2p4 3s2 3p*2 3p4 3d*4 3d6 4s1 6s1,3s,1,0,1s2 2s2 2p*2 2p4 3s1 3p*2 3p4 3d*4 3d6 4s1 6s1,1.5489288371633375e-11,8853.558940000003,4.720253728647047
1s,3,0,1s1 2s2 2p*2 2p4 3s2 3p*2 3p4 3d*4 3d6 4s1 6s1,3s,1,1,1s2 2s2 2p*2 2p4 3s1 3p*2 3p4 3d*4 3d6 4s1 6s1,2.552380061797028e-11,8855.076980000005,4.277534984765077
1s,3,0,1s1 2s2 2p*2 2p4 3s2 3p*2 3p4 3d*4 3d6 4s1 6s1,3s,3,0,1s2 2s2 2p*2 2p4 3s1 3p*2 3p4 3d*4 3d6 4s1 6s1,2.100699486079489e-08,8854.06306,4.498610692172282
1s,3,0,1s1 2s2 2p*2 2p4 3s2 3p*2 3p4 3d*4 3d6 4s1 6s1,4s,1,0,1s2 2s2 2p*2 2p4 3s2 3p*2 3p4 3d*4 3d6 6s1,1.3050575348277666e-09,8979.259530000003,1.3252021729617707
1s,3,0,1s1 2s2 2p*2 2p4 3s2 3p*2 3p4 3d*4 3d6 4s1 6s1,6s,1,0,1s2 2s2 2p*2 2p4 3s2 3p*2 3p4 3d*4 3d6 4s1,8.349150678326927e-11,8984.706020000005,1.3252021729617707
2p,1,0,1s2 2s2 2p*2 2p3 3s2 3p*2 3p4 3d*4 3d6 4s1 6s1,2p,3,0,1s2 2s2 2p*2 2p3 3s2 3p*2 3p4 3d*4 3d6 4s1 6s1,1.6394953149500414e-21,1.370230000000447,1.4576313178331637
2p,1,0,1s2 2s2 2p*2 2p3 3s2 3p*2 3p4 3d*4 3d6 4s1 6s1,2p,3,1,1s2 2s2 2p*2 2p3 3s2 3p*2 3p4 3d*4 3d6 4s1 6s1,5.361820401724435e-19,1.271439999996801,1.4497066643408023
2p,1,0,1s2 2s2 2p*2 2p3 3s2 3p*2 3p4 3d*4 3d6 4s1 6s1,2p,5,0,1s2 2s2 2p*2 2p3 3s2 3p*2 3p4 3d*4 3d6 4s1 6s1,1.439252246025826e-28,0.0852899999954388,1.4555265186336035
2p,1,0,1s2 2s2 2p*2 2p3 3s2 3p*2 3p4 3d*4 3d6 4s1 6s1,3d,1,0,1s2 2s2 2p*2 2p4 3s2 3p*2 3p4 3d*3 3d6 4s1 6s1,4.107537360989787e-05,931.330329999997,0.7268522189129885
2p,1,0,1s2 2s2 2p*2 2p3 3s2 3p*2 3p4 3d*4 3d6 4s1 6s1,3d,3,0,1s2 2s2 2p*2 2p4 3s2 3p*2 3p4 3d*3 3d6 4s1 6s1,5.697837855275916e-12,932.765449999999,0.7268522189129886
2p,1,0,1s2 2s2 2p*2 2p3 3s2 3p*2 3p4 3d*4 3d6 4s1 6s1,3d,3,1,1s2 2s2 2p*2 2p4 3s2 3p*2 3p4 3d*3 3d6 4s1 6s1,3.52356110741148e-08,932.6145299999988,0.7268522189129888
2p,1,0,1s2 2s2 2p*2 2p3 3s2 3p*2 3p4 3d*4 3d6 4s1 6s1,3d,3,2,1s2 2s2 2p*2 2p4 3s2 3p*2 3p4 3d*3 3d6 4s1 6s1,2.059413369228842e-07,932.2378099999988,0.7268522189129897
2p,1,0,1s2 2s2 2p*2 2p3 3s2 3p*2 3p4 3d*4 3d6 4s1 6s1,3d,5,0,1s2 2s2 2p*2 2p4 3s2 3p*2 3p4 3d*3 3d6 4s1 6s1,5.2068404919261824e-14,932.8597999999984,0.7268522189129887
2p,1,0,1s2 2s2 2p*2 2p3 3s2 3p*2 3p4 3d*4 3d6 4s1 6s1,3d,5,1,1s2 2s2 2p*2 2p4 3s2 3p*2 3p4 3d*3 3d6 4s1 6s1,2.853805205652973e-14,932.7464099999996,0.7268522189129888
2p,1,0,1s2 2s2 2p*2 2p3 3s2 3p*2 3p4 3d*4 3d6 4s1 6s1,3d,5,2,1s2 2s2 2p*2 2p4 3s2 3p*2 3p4 3d*3 3d6 4s1 6s1,3.0875164490893004e-14,932.2541899999997,0.7268522189129891
2p,1,0,1s2 2s2 2p*2 2p3 3s2 3p*2 3p4 3d*4 3d6 4s1 6s1,3d,7,0,1s2 2s2 2p*2 2p4 3s2 3p*2 3p4 3d*4 3d5 4s1 6s1,1.3334218786396118e-11,931.5790100000012,0.7268522189129885
2p,1,0,1s2 2s2 2p*2 2p3 3s2 3p*2 3p4 3d*4 3d6 4s1 6s1,3p,1,0,1s2 2s2 2p*2 2p4 3s2 3p*1 3p4 3d*4 3d6 4s1 6s1,1.291894175293467e-13,856.9168500000014,3.38561061831637
2p,1,0,1s2 2s2 2p*2 2p3 3s2 3p*2 3p4 3d*4 3d6 4s1 6s1,3p,1,1,1s2 2s2 2p*2 2p4 3s2 3p*1 3p4 3d*4 3d6 4s1 6s1,2.8012220624736274e-16,854.6507799999963,3.5760904770738766
2p,1,0,1s2 2s2 2p*2 2p3 3s2 3p*2 3p4 3d*4 3d6 4s1 6s1,3p,1,2,1s2 2s2 2p*2 2p4 3s2 3p*1 3p4 3d*4 3d6 4s1 6s1,6.3728007560002295e-15,852.6864300000016,3.5663196171094103
2p,1,0,1s2 2s2 2p*2 2p3 3s2 3p*2 3p4 3d*4 3d6 4s1 6s1,3p,3,0,1s2 2s2 2p*2 2p4 3s2 3p*1 3p4 3d*4 3d6 4s1 6s1,1.0999219337120416e-11,857.1304000000018,3.474281319393788
2p,1,0,1s2 2s2 2p*2 2p3 3s2 3p*2 3p4 3d*4 3d6 4s1 6s1,3p,3,1,1s2 2s2 2p*2 2p4 3s2 3p*1 3p4 3d*4 3d6 4s1 6s1,9.197371303691551e-12,856.8887800000011,3.366778099134871
2p,1,0,1s2 2s2 2p*2 2p3 3s2 3p*2 3p4 3d*4 3d6 4s1 6s1,3p,3,2,1s2 2s2 2p*2 2p4 3s2 3p*1 3p4 3d*4 3d6 4s1 6s1,6.203294073724905e-08,853.1932000000015,3.5062620373744435
2p,1,0,1s2 2s2 2p*2 2p3 3s2 3p*2 3p4 3d*4 3d6 4s1 6s1,3p,5,0,1s2 2s2 2p*2 2p4 3s2 3p*2 3p3 3d*4 3d6 4s1 6s1,1.0899833574251302e-08,855.8548699999956,3.497745481849564
2p,1,0,1s2 2s2 2p*2 2p3 3s2 3p*2 3p4 3d*4 3d6 4s1 6s1,3s,1,0,1s2 2s2 2p*2 2p4 3s1 3p*2 3p4 3d*4 3d6 4s1 6s1,5.328578618471706e-08,806.5073699999994,4.121903774598264
2p,1,0,1s2 2s2 2p*2 2p3 3s2 3p*2 3p4 3d*4 3d6 4s1 6s1,3s,1,1,1s2 2s2 2p*2 2p4 3s1 3p*2 3p4 3d*4 3d6 4s1 6s1,3.976109688542675e-08,808.025410000002,3.6791850307162943
2p,1,0,1s2 2s2 2p*2 2p3 3s2 3p*2 3p4 3d*4 3d6 4s1 6s1,3s,3,0,1s2 2s2 2p*2 2p4 3s1 3p*2 3p4 3d*4 3d6 4s1 6s1,4.980637891926056e-06,807.0114899999971,3.9002607381235004
2p,1,0,1s2 2s2 2p*2 2p3 3s2 3p*2 3p4 3d*4 3d6 4s1 6s1,4s,1,0,1s2 2s2 2p*2 2p4 3s2 3p*2 3p4 3d*4 3d6 6s1,1.684992411710701e-06,932.2079599999996,0.7268522189129887
2p,1,0,1s2 2s2 2p*2 2p3 3s2 3p*2 3p4 3d*4 3d6 4s1 6s1,6s,1,0,1s2 2s2 2p*2 2p4 3s2 3p*2 3p4 3d*4 3d6 4s1,1.0965864358237994e-07,937.6544500000018,0.7268522189129885
2p,1,1,1s2 2s2 2p*1 2p4 3s2 3p*2 3p4 3d*4 3d6 4s1 6s1,2p,1,0,1s2 2s2 2p*2 2p3 3s2 3p*2 3p4 3d*4 3d6 4s1 6s1,1.4226208620333097e-17,18.666949999998906,1.4398777260949567
2p,1,1,1s2 2s2 2p*1 2p4 3s2 3p*2 3p4 3d*4 3d6 4s1 6s1,2p,3,0,1s2 2s2 2p*2 2p3 3s2 3p*2 3p4 3d*4 3d6 4s1 6s1,1.656179281077133e-12,20.037179999999356,1.4438046061021432
2p,1,1,1s2 2s2 2p*1 2p4 3s2 3p*2 3p4 3d*4 3d6 4s1 6s1,2p,3,1,1s2 2s2 2p*2 2p3 3s2 3p*2 3p4 3d*4 3d6 4s1 6s1,1.814379896591649e-12,19.938389999995707,1.4358799526097819
2p,1,1,1s2 2s2 2p*1 2p4 3s2 3p*2 3p4 3d*4 3d6 4s1 6s1,2p,5,0,1s2 2s2 2p*2 2p3 3s2 3p*2 3p4 3d*4 3d6 4s1 6s1,1.162214879257628e-22,18.752239999994345,1.441699806902583
2p,1,1,1s2 2s2 2p*1 2p4 3s2 3p*2 3p4 3d*4 3d6 4s1 6s1,3d,1,0,1s2 2s2 2p*2 2p4 3s2 3p*2 3p4 3d*3 3d6 4s1 6s1,3.175074429673251e-10,949.997279999996,0.7130255071819681
2p,1,1,1s2 2s2 2p*1 2p4 3s2 3p*2 3p4 3d*4 3d6 4s1 6s1,3d,3,0,1s2 2s2 2p*2 2p4 3s2 3p*2 3p4 3d*3 3d6 4s1 6s1,4.6749916585769655e-05,951.432399999998,0.7130255071819681
2p,1,1,1s2 2s2 2p*1 2p4 3s2 3p*2 3p4 3d*4 3d6 4s1 6s1,3d,3,1,1s2 2s2 2p*2 2p4 3s2 3p*2 3p4 3d*3 3d6 4s1 6s1,0.0003468220593320792,951.2814799999978,0.7130255071819683
2p,1,1,1s2 2s2 2p*1 2p4 3s2 3p*2 3p4 3d*4 3d6 4s1 6s1,3d,3,2,1s2 2s2 2p*2 2p4 3s2 3p*2 3p4 3d*3 3d6 4s1 6s1,2.2114392094913214e-05,950.9047599999976,0.7130255071819692
2p,1,1,1s2 2s2 2p*1 2p4 3s2 3p*2 3p4 3d*4 3d6 4s1 6s1,3d,5,0,1s2 2s2 2p*2 2p4 3s2 3p*2 3p4 3d*3 3d6 4s1 6s1,6.578899333595939e-11,951.5267499999972,0.7130255071819682
2p,1,1,1s2 2s2 2p*1 2p4 3s2 3p*2 3p4 3d*4 3d6 4s1 6s1,3d,5,1,1s2 2s2 2p*2 2p4 3s2 3p*2 3p4 3d*3 3d6 4s1 6s1,1.3553096349118888e-11,951.4133599999986,0.7130255071819684
2p,1,1,1s2 2s2 2p*1 2p4 3s2 3p*2 3p4 3d*4 3d6 4s1 6s1,3d,5,2,1s2 2s2 2p*2 2p4 3s2 3p*2 3p4 3d*3 3d6 4s1 6s1,7.666617993031414e-11,950.9211399999986,0.7130255071819688
2p,1,1,1s2 2s2 2p*1 2p4 3s2 3p*2 3p4 3d*4 3d6 4s1 6s1,3d,7,0,1s2 2s2 2p*2 2p4 3s2 3p*2 3p4 3d*4 3d5 4s1 6s1,1.026200044202332e-16,950.2459600000002,0.7130255071819681
2p,1,1,1s2 2s2 2p*1 2p4 3s2 3p*2 3p4 3d*4 3d6 4s1 6s1,3p,1,0,1s2 2s2 2p*2 2p4 3s2 3p*1 3p4 3d*4 3d6 4s1 6s1,1.6927427396494887e-12,875.5838000000003,3.3717839065853497
2p,1,1,1s2 2s2 2p*1 2p4 3s2 3p*2 3p4 3d*4 3d6 4s1 6s1,3p,1,1,1s2 2s2 2p*2 2p4 3s2 3p*1 3p4 3d*4 3d6 4s1 6s1,1.219679435440144e-11,873.3177299999952,3.562263765342856
2p,1,1,1s2 2s2 2p*1 2p4 3s2 3p*2 3p4 3d*4 3d6 4s1 6s1,3p,1,2,1s2 2s2 2p*2 2p4 3s2 3p*1 3p4 3d*4 3d6 4s1 6s1,5.1064604707811073e-14,871.3533800000005,3.5524929053783896
2p,1,1,1s2 2s2 2p*1 2p4 3s2 3p*2 3p4 3d*4 3d6 4s1 6s1,3p,3,0,1s2 2s2 2p*2 2p4 3s2 3p*1 3p4 3d*4 3d6 4s1 6s1,2.481738019475934e-08,875.7973500000007,3.4604546076627676
2p,1,1,1s2 2s2 2p*1 2p4 3s2 3p*2 3p4 3d*4 3d6 4s1 6s1,3p,3,1,1s2 2s2 2p*2 2p4 3s2 3p*1 3p4 3d*4 3d6 4s1 6s1,2.367808959628135e-09,875.55573,3.352951387403851
2p,1,1,1s2 2s2 2p*1 2p4 3s2 3p*2 3p4 3d*4 3d6 4s1 6s1,3p,3,2,1s2 2s2 2p*2 2p4 3s2 3p*1 3p4 3d*4 3d6 4s1 6s1,9.911674352525091e-14,871.8601500000004,3.4924353256434237
2p,1,1,1s2 2s2 2p*1 2p4 3s2 3p*2 3p4 3d*4 3d6 4s1 6s1,3p,5,0,1s2 2s2 2p*2 2p4 3s2 3p*2 3p3 3d*4 3d6 4s1 6s1,1.755599886713389e-12,874.5218199999945,3.483918770118544
2p,1,1,1s2 2s2 2p*1 2p4 3s2 3p*2 3p4 3d*4 3d6 4s1 6s1,3s,1,0,1s2 2s2 2p*2 2p4 3s1 3p*2 3p4 3d*4 3d6 4s1 6s1,1.0611941895937997e-09,825.1743199999983,4.1080770628672445
2p,1,1,1s2 2s2 2p*1 2p4 3s2 3p*2 3p4 3d*4 3d6 4s1 6s1,3s,1,1,1s2 2s2 2p*2 2p4 3s1 3p*2 3p4 3d*4 3d6 4s1 6s1,5.6868832590712007e-08,826.6923600000009,3.6653583189852736
2p,1,1,1s2 2s2 2p*1 2p4 3s2 3p*2 3p4 3d*4 3d6 4s1 6s1,3s,3,0,1s2 2s2 2p*2 2p4 3s1 3p*2 3p4 3d*4 3d6 4s1 6s1,5.277023273950952e-10,825.678439999996,3.8864340263924793
2p,1,1,1s2 2s2 2p*1 2p4 3s2 3p*2 3p4 3d*4 3d6 4s1 6s1,4s,1,0,1s2 2s2 2p*2 2p4 3s2 3p*2 3p4 3d*4 3d6 6s1,6.29489211141357e-10,950.8749099999986,0.7130255071819682
2p,1,1,1s2 2s2 2p*1 2p4 3s2 3p*2 3p4 3d*4 3d6 4s1 6s1,6s,1,0,1s2 2s2 2p*2 2p4 3s2 3p*2 3p4 3d*4 3d6 4s1,3.263094436613057e-08,956.3214000000008,0.7130255071819681
2p,1,2,1s2 2s2 2p*1 2p4 3s2 3p*2 3p4 3d*4 3d6 4s1 6s1,2p,1,0,1s2 2s2 2p*2 2p3 3s2 3p*2 3p4 3d*4 3d6 4s1 6s1,2.80962958301435e-16,20.53110000000015,1.4122794208261682
2p,1,2,1s2 2s2 2p*1 2p4 3s2 3p*2 3p4 3d*4 3d6 4s1 6s1,2p,1,1,1s2 2s2 2p*1 2p4 3s2 3p*2 3p4 3d*4 3d6 4s1 6s1,5.63373560528085e-19,1.8641500000012456,1.3984527090951477
2p,1,2,1s2 2s2 2p*1 2p4 3s2 3p*2 3p4 3d*4 3d6 4s1 6s1,2p,3,0,1s2 2s2 2p*2 2p3 3s2 3p*2 3p4 3d*4 3d6 4s1 6s1,6.702895466996875e-16,21.9013300000006,1.416206300833355
2p,1,2,1s2 2s2 2p*1 2p4 3s2 3p*2 3p4 3d*4 3d6 4s1 6s1,2p,3,1,1s2 2s2 2p*2 2p3 3s2 3p*2 3p4 3d*4 3d6 4s1 6s1,4.812635812076797e-15,21.802539999996952,1.4082816473409936
2p,1,2,1s2 2s2 2p*1 2p4 3s2 3p*2 3p4 3d*4 3d6 4s1 6s1,2p,3,2,1s2 2s2 2p*1 2p4 3s2 3p*2 3p4 3d*4 3d6 4s1 6s1,1.7181188673285883e-20,0.5086900000023888,1.4074431043512
2p,1,2,1s2 2s2 2p*1 2p4 3s2 3p*2 3p4 3d*4 3d6 4s1 6s1,2p,5,0,1s2 2s2 2p*2 2p3 3s2 3p*2 3p4 3d*4 3d6 4s1 6s1,8.604398569760663e-20,20.61638999999559,1.4141015016337948
2p,1,2,1s2 2s2 2p*1 2p4 3s2 3p*2 3p4 3d*4 3d6 4s1 6s1,3d,1,0,1s2 2s2 2p*2 2p4 3s2 3p*2 3p4 3d*3 3d6 4s1 6s1,2.9717352933133046e-08,951.8614299999972,0.6854272019131796
2p,1,2,1s2 2s2 2p*1 2p4 3s2 3p*2 3p4 3d*4 3d6 4s1 6s1,3d,3,0,1s2 2s2 2p*2 2p4 3s2 3p*2 3p4 3d*3 3d6 4s1 6s1,1.2369793241576185e-08,953.2965499999992,0.6854272019131797
2p,1,2,1s2 2s2 2p*1 2p4 3s2 3p*2 3p4 3d*4 3d6 4s1 6s1,3d,3,1,1s2 2s2 2p*2 2p4 3s2 3p*2 3p4 3d*3 3d6 4s1 6s1,1.2154367180399906e-07,953.1456299999992,0.68542720191318
2p,1,2,1s2 2s2 2p*1 2p4 3s2 3p*2 3p4 3d*4 3d6 4s1 6s1,3d,3,2,1s2 2s2 2p*2 2p4 3s2 3p*2 3p4 3d*3 3d6 4s1 6s1,3.2942742010291246e-07,952.7689099999988,0.6854272019131809
2p,1,2,1s2 2s2 2p*1 2p4 3s2 3p*2 3p4 3d*4 3d6 4s1 6s1,3d,5,0,1s2 2s2 2p*2 2p4 3s2 3p*2 3p4 3d*3 3d6 4s1 6s1,7.113949518199724e-14,953.3908999999984,0.6854272019131799
2p,1,2,1s2 2s2 2p*1 2p4 3s2 3p*2 3p4 3d*4 3d6 4s1 6s1,3d,5,1,1s2 2s2 2p*2 2p4 3s2 3p*2 3p4 3d*3 3d6 4s1 6s1,1.2479506885659645e-13,953.27751,0.68542720191318
2p,1,2,1s2 2s2 2p*1 2p4 3s2 3p*2 3p4 3d*4 3d6 4s1 6s1,3d,5,2,1s2 2s2 2p*2 2p4 3s2 3p*2 3p4 3d*3 3d6 4s1 6s1,3.566941815533556e-14,952.7852899999998,0.6854272019131803
2p,1,2,1s2 2s2 2p*1 2p4 3s2 3p*2 3p4 3d*4 3d6 4s1 6s1,3d,7,0,1s2 2s2 2p*2 2p4 3s2 3p*2 3p4 3d*4 3d5 4s1 6s1,1.0381423500845515e-14,952.1101100000014,0.6854272019131796
2p,1,2,1s2 2s2 2p*1 2p4 3s2 3p*2 3p4 3d*4 3d6 4s1 6s1,3p,1,0,1s2 2s2 2p*2 2p4 3s2 3p*1 3p4 3d*4 3d6 4s1 6s1,6.175965882144975e-17,877.4479500000016,3.3441856013165614
2p,1,2,1s2 2s2 2p*1 2p4 3s2 3p*2 3p4 3d*4 3d6 4s1 6s1,3p,1,1,1s2 2s2 2p*2 2p4 3s2 3p*1 3p4 3d*4 3d6 4s1 6s1,6.96291120175689e-14,875.1818799999965,3.5346654600740677
2p,1,2,1s2 2s2 2p*1 2p4 3s2 3p*2 3p4 3d*4 3d6 4s1 6s1,3p,1,2,1s2 2s2 2p*2 2p4 3s2 3p*1 3p4 3d*4 3d6 4s1 6s1,1.6286754391797302e-11,873.2175300000017,3.5248946001096013
2p,1,2,1s2 2s2 2p*1 2p4 3s2 3p*2 3p4 3d*4 3d6 4s1 6s1,3p,3,0,1s2 2s2 2p*2 2p4 3s2 3p*1 3p4 3d*4 3d6 4s1 6s1,3.107704988909372e-11,877.661500000002,3.4328563023939793
2p,1,2,1s2 2s2 2p*1 2p4 3s2 3p*2 3p4 3d*4 3d6 4s1 6s1,3p,3,1,1s2 2s2 2p*2 2p4 3s2 3p*1 3p4 3d*4 3d6 4s1 6s1,4.6847325900938685e-11,877.4198800000013,3.3253530821350625
2p,1,2,1s2 2s2 2p*1 2p4 3s2 3p*2 3p4 3d*4 3d6 4s1 6s1,3p,3,2,1s2 2s2 2p*2 2p4 3s2 3p*1 3p4 3d*4 3d6 4s1 6s1,1.8253757580397937e-12,873.7243000000017,3.4648370203746346
2p,1,2,1s2 2s2 2p*1 2p4 3s2 3p*2 3p4 3d*4 3d6 4s1 6s1,3p,5,0,1s2 2s2 2p*2 2p4 3s2 3p*2 3p3 3d*4 3d6 4s1 6s1,7.455278187863608e-12,876.3859699999957,3.456320464849756
2p,1,2,1s2 2s2 2p*1 2p4 3s2 3p*2 3p4 3d*4 3d6 4s1 6s1,3s,1,0,1s2 2s2 2p*2 2p4 3s1 3p*2 3p4 3d*4 3d6 4s1 6s1,2.9202154945817715e-05,827.0384699999995,4.080478757598456
2p,1,2,1s2 2s2 2p*1 2p4 3s2 3p*2 3p4 3d*4 3d6 4s1 6s1,3s,1,1,1s2 2s2 2p*2 2p4 3s1 3p*2 3p4 3d*4 3d6 4s1 6s1,1.5411045852624938e-07,828.5565100000022,3.6377600137164854
2p,1,2,1s2 2s2 2p*1 2p4 3s2 3p*2 3p4 3d*4 3d6 4s1 6s1,3s,3,0,1s2 2s2 2p*2 2p4 3s1 3p*2 3p4 3d*4 3d6 4s1 6s1,3.186553167987004e-09,827.5425899999973,3.858835721123691
2p,1,2,1s2 2s2 2p*1 2p4 3s2 3p*2 3p4 3d*4 3d6 4s1 6s1,4s,1,0,1s2 2s2 2p*2 2p4 3s2 3p*2 3p4 3d*4 3d6 6s1,6.309614866086468e-08,952.73906,0.6854272019131799
2p,1,2,1s2 2s2 2p*1 2p4 3s2 3p*2 3p4 3d*4 3d6 4s1 6s1,6s,1,0,1s2 2s2 2p*2 2p4 3s2 3p*2 3p4 3d*4 3d6 4s1,1.9525667616183877e-08,958.185550000002,0.6854272019131796
2p,3,0,1s2 2s2 2p*2 2p3 3s2 3p*2 3p4 3d*4 3d6 4s1 6s1,3d,1,0,1s2 2s2 2p*2 2p4 3s2 3p*2 3p4 3d*3 3d6 4s1 6s1,5.588731816775245e-10,929.9600999999966,0.7307790989201752
2p,3,0,1s2 2s2 2p*2 2p3 3s2 3p*2 3p4 3d*4 3d6 4s1 6s1,3d,3,0,1s2 2s2 2p*2 2p4 3s2 3p*2 3p4 3d*3 3d6 4s1 6s1,0.00025158923148280095,931.3952199999984,0.7307790989201753
2p,3,0,1s2 2s2 2p*2 2p3 3s2 3p*2 3p4 3d*4 3d6 4s1 6s1,3d,3,1,1s2 2s2 2p*2 2p4 3s2 3p*2 3p4 3d*3 3d6 4s1 6s1,1.934115860371104e-10,931.2442999999984,0.7307790989201755
2p,3,0,1s2 2s2 2p*2 2p3 3s2 3p*2 3p4 3d*4 3d6 4s1 6s1,3d,3,2,1s2 2s2 2p*2 2p4 3s2 3p*2 3p4 3d*3 3d6 4s1 6s1,2.562983857535565e-07,930.8675799999984,0.7307790989201763
2p,3,0,1s2 2s2 2p*2 2p3 3s2 3p*2 3p4 3d*4 3d6 4s1 6s1,3d,5,0,1s2 2s2 2p*2 2p4 3s2 3p*2 3p4 3d*3 3d6 4s1 6s1,0.0010328870130931619,931.489569999998,0.7307790989201755
2p,3,0,1s2 2s2 2p*2 2p3 3s2 3p*2 3p4 3d*4 3d6 4s1 6s1,3d,5,1,1s2 2s2 2p*2 2p4 3s2 3p*2 3p4 3d*3 3d6 4s1 6s1,1.3443967424629499e-05,931.3761799999992,0.7307790989201756
2p,3,0,1s2 2s2 2p*2 2p3 3s2 3p*2 3p4 3d*4 3d6 4s1 6s1,3d,5,2,1s2 2s2 2p*2 2p4 3s2 3p*2 3p4 3d*3 3d6 4s1 6s1,9.09058923362182e-05,930.8839599999992,0.7307790989201759
2p,3,0,1s2 2s2 2p*2 2p3 3s2 3p*2 3p4 3d*4 3d6 4s1 6s1,3d,7,0,1s2 2s2 2p*2 2p4 3s2 3p*2 3p4 3d*4 3d5 4s1 6s1,6.3505579885526556e-15,930.2087800000008,0.7307790989201752
2p,3,0,1s2 2s2 2p*2 2p3 3s2 3p*2 3p4 3d*4 3d6 4s1 6s1,3p,1,0,1s2 2s2 2p*2 2p4 3s2 3p*1 3p4 3d*4 3d6 4s1 6s1,3.4678260087120434e-08,855.546620000001,3.389537498323557
2p,3,0,1s2 2s2 2p*2 2p3 3s2 3p*2 3p4 3d*4 3d6 4s1 6s1,3p,1,1,1s2 2s2 2p*2 2p4 3s2 3p*1 3p4 3d*4 3d6 4s1 6s1,3.3181748804839203e-08,853.2805499999959,3.5800173570810636
2p,3,0,1s2 2s2 2p*2 2p3 3s2 3p*2 3p4 3d*4 3d6 4s1 6s1,3p,1,2,1s2 2s2 2p*2 2p4 3s2 3p*1 3p4 3d*4 3d6 4s1 6s1,1.8370505383605674e-14,851.3162000000011,3.5702464971165973
2p,3,0,1s2 2s2 2p*2 2p3 3s2 3p*2 3p4 3d*4 3d6 4s1 6s1,3p,3,0,1s2 2s2 2p*2 2p4 3s2 3p*1 3p4 3d*4 3d6 4s1 6s1,2.2057216245431793e-08,855.7601700000014,3.478208199400975
2p,3,0,1s2 2s2 2p*2 2p3 3s2 3p*2 3p4 3d*4 3d6 4s1 6s1,3p,3,1,1s2 2s2 2p*2 2p4 3s2 3p*1 3p4 3d*4 3d6 4s1 6s1,8.31107933939956e-09,855.5185500000007,3.370704979142058
2p,3,0,1s2 2s2 2p*2 2p3 3s2 3p*2 3p4 3d*4 3d6 4s1 6s1,3p,3,2,1s2 2s2 2p*2 2p4 3s2 3p*1 3p4 3d*4 3d6 4s1 6s1,7.256105687229055e-13,851.8229700000011,3.5101889173816305
2p,3,0,1s2 2s2 2p*2 2p3 3s2 3p*2 3p4 3d*4 3d6 4s1 6s1,3p,5,0,1s2 2s2 2p*2 2p4 3s2 3p*2 3p3 3d*4 3d6 4s1 6s1,4.662287902782009e-12,854.4846399999951,3.501672361856751
2p,3,0,1s2 2s2 2p*2 2p3 3s2 3p*2 3p4 3d*4 3d6 4s1 6s1,3s,1,0,1s2 2s2 2p*2 2p4 3s1 3p*2 3p4 3d*4 3d6 4s1 6s1,1.966751185154727e-08,805.1371399999989,4.125830654605451
2p,3,0,1s2 2s2 2p*2 2p3 3s2 3p*2 3p4 3d*4 3d6 4s1 6s1,3s,1,1,1s2 2s2 2p*2 2p4 3s1 3p*2 3p4 3d*4 3d6 4s1 6s1,9.712837093606162e-07,806.6551800000016,3.683111910723481
2p,3,0,1s2 2s2 2p*2 2p3 3s2 3p*2 3p4 3d*4 3d6 4s1 6s1,3s,3,0,1s2 2s2 2p*2 2p4 3s1 3p*2 3p4 3d*4 3d6 4s1 6s1,1.7280809787449649e-09,805.6412599999967,3.9041876181306865
2p,3,0,1s2 2s2 2p*2 2p3 3s2 3p*2 3p4 3d*4 3d6 4s1 6s1,4s,1,0,1s2 2s2 2p*2 2p4 3s2 3p*2 3p4 3d*4 3d6 6s1,3.781524436496483e-09,930.8377299999992,0.7307790989201755
2p,3,0,1s2 2s2 2p*2 2p3 3s2 3p*2 3p4 3d*4 3d6 4s1 6s1,6s,1,0,1s2 2s2 2p*2 2p4 3s2 3p*2 3p4 3d*4 3d6 4s1,3.006172769029081e-07,936.2842200000014,0.7307790989201752
2p,3,1,1s2 2s2 2p*2 2p3 3s2 3p*2 3p4 3d*4 3d6 4s1 6s1,2p,3,0,1s2 2s2 2p*2 2p3 3s2 3p*2 3p4 3d*4 3d6 4s1 6s1,1.3635319157466818e-19,0.0987900000036461,1.453633544347989
2p,3,1,1s2 2s2 2p*2 2p3 3s2 3p*2 3p4 3d*4 3d6 4s1 6s1,3d,1,0,1s2 2s2 2p*2 2p4 3s2 3p*2 3p4 3d*3 3d6 4s1 6s1,1.3331233204344316e-08,930.0588900000002,0.7228544454278139
2p,3,1,1s2 2s2 2p*2 2p3 3s2 3p*2 3p4 3d*4 3d6 4s1 6s1,3d,3,0,1s2 2s2 2p*2 2p4 3s2 3p*2 3p4 3d*3 3d6 4s1 6s1,1.6824207554627714e-05,931.4940100000022,0.722854445427814
2p,3,1,1s2 2s2 2p*2 2p3 3s2 3p*2 3p4 3d*4 3d6 4s1 6s1,3d,3,1,1s2 2s2 2p*2 2p4 3s2 3p*2 3p4 3d*3 3d6 4s1 6s1,7.729765675884458e-05,931.343090000002,0.7228544454278141
2p,3,1,1s2 2s2 2p*2 2p3 3s2 3p*2 3p4 3d*4 3d6 4s1 6s1,3d,3,2,1s2 2s2 2p*2 2p4 3s2 3p*2 3p4 3d*3 3d6 4s1 6s1,8.634389895763988e-05,930.966370000002,0.722854445427815
2p,3,1,1s2 2s2 2p*2 2p3 3s2 3p*2 3p4 3d*4 3d6 4s1 6s1,3d,5,0,1s2 2s2 2p*2 2p4 3s2 3p*2 3p4 3d*3 3d6 4s1 6s1,2.7613894096124677e-05,931.5883600000016,0.722854445427814
2p,3,1,1s2 2s2 2p*2 2p3 3s2 3p*2 3p4 3d*4 3d6 4s1 6s1,3d,5,1,1s2 2s2 2p*2 2p4 3s2 3p*2 3p4 3d*3 3d6 4s1 6s1,0.000686264189969239,931.4749700000028,0.7228544454278142
2p,3,1,1s2 2s2 2p*2 2p3 3s2 3p*2 3p4 3d*4 3d6 4s1 6s1,3d,5,2,1s2 2s2 2p*2 2p4 3s2 3p*2 3p4 3d*3 3d6 4s1 6s1,0.0005377026386535985,930.9827500000029,0.7228544454278145
2p,3,1,1s2 2s2 2p*2 2p3 3s2 3p*2 3p4 3d*4 3d6 4s1 6s1,3d,7,0,1s2 2s2 2p*2 2p4 3s2 3p*2 3p4 3d*4 3d5 4s1 6s1,1.516292727591793e-13,930.3075700000044,0.7228544454278139
2p,3,1,1s2 2s2 2p*2 2p3 3s2 3p*2 3p4 3d*4 3d6 4s1 6s1,3p,1,0,1s2 2s2 2p*2 2p4 3s2 3p*1 3p4 3d*4 3d6 4s1 6s1,7.210587133372065e-09,855.6454100000046,3.3816128448311957
2p,3,1,1s2 2s2 2p*2 2p3 3s2 3p*2 3p4 3d*4 3d6 4s1 6s1,3p,1,1,1s2 2s2 2p*2 2p4 3s2 3p*1 3p4 3d*4 3d6 4s1 6s1,8.666609014318615e-10,853.3793399999995,3.572092703588702
2p,3,1,1s2 2s2 2p*2 2p3 3s2 3p*2 3p4 3d*4 3d6 4s1 6s1,3p,1,2,1s2 2s2 2p*2 2p4 3s2 3p*1 3p4 3d*4 3d6 4s1 6s1,9.210767617660456e-11,851.4149900000048,3.5623218436242357
2p,3,1,1s2 2s2 2p*2 2p3 3s2 3p*2 3p4 3d*4 3d6 4s1 6s1,3p,3,0,1s2 2s2 2p*2 2p4 3s2 3p*1 3p4 3d*4 3d6 4s1 6s1,3.176580481405921e-08,855.858960000005,3.4702835459086137
2p,3,1,1s2 2s2 2p*2 2p3 3s2 3p*2 3p4 3d*4 3d6 4s1 6s1,3p,3,1,1s2 2s2 2p*2 2p4 3s2 3p*1 3p4 3d*4 3d6 4s1 6s1,4.6232993384834255e-08,855.6173400000043,3.362780325649697
2p,3,1,1s2 2s2 2p*2 2p3 3s2 3p*2 3p4 3d*4 3d6 4s1 6s1,3p,3,2,1s2 2s2 2p*2 2p4 3s2 3p*1 3p4 3d*4 3d6 4s1 6s1,3.8126311068147764e-11,851.9217600000047,3.502264263889269
2p,3,1,1s2 2s2 2p*2 2p3 3s2 3p*2 3p4 3d*4 3d6 4s1 6s1,3p,5,0,1s2 2s2 2p*2 2p4 3s2 3p*2 3p3 3d*4 3d6 4s1 6s1,2.9871053541546135e-11,854.5834299999988,3.49374770836439
2p,3,1,1s2 2s2 2p*2 2p3 3s2 3p*2 3p4 3d*4 3d6 4s1 6s1,3s,1,0,1s2 2s2 2p*2 2p4 3s1 3p*2 3p4 3d*4 3d6 4s1 6s1,1.023589103740986e-08,805.2359300000026,4.117906001113091
2p,3,1,1s2 2s2 2p*2 2p3 3s2 3p*2 3p4 3d*4 3d6 4s1 6s1,3s,1,1,1s2 2s2 2p*2 2p4 3s1 3p*2 3p4 3d*4 3d6 4s1 6s1,7.713360180285047e-05,806.7539700000052,3.6751872572311197
2p,3,1,1s2 2s2 2p*2 2p3 3s2 3p*2 3p4 3d*4 3d6 4s1 6s1,3s,3,0,1s2 2s2 2p*2 2p4 3s1 3p*2 3p4 3d*4 3d6 4s1 6s1,1.8686178188385253e-08,805.7400500000003,3.8962629646383253
2p,3,1,1s2 2s2 2p*2 2p3 3s2 3p*2 3p4 3d*4 3d6 4s1 6s1,4s,1,0,1s2 2s2 2p*2 2p4 3s2 3p*2 3p4 3d*4 3d6 6s1,3.108727594426298e-08,930.9365200000028,0.722854445427814
2p,3,1,1s2 2s2 2p*2 2p3 3s2 3p*2 3p4 3d*4 3d6 4s1 6s1,6s,1,0,1s2 2s2 2p*2 2p4 3s2 3p*2 3p4 3d*4 3d6 4s1,2.4014549608323905e-07,936.383010000005,0.7228544454278139
2p,3,2,1s2 2s2 2p*1 2p4 3s2 3p*2 3p4 3d*4 3d6 4s1 6s1,2p,1,0,1s2 2s2 2p*2 2p3 3s2 3p*2 3p4 3d*4 3d6 4s1 6s1,3.2002192556952343e-13,20.02240999999776,1.4488681213510084
2p,3,2,1s2 2s2 2p*1 2p4 3s2 3p*2 3p4 3d*4 3d6 4s1 6s1,2p,1,1,1s2 2s2 2p*1 2p4 3s2 3p*2 3p4 3d*4 3d6 4s1 6s1,3.630660946245526e-21,1.3554599999988568,1.4350414096199882
2p,3,2,1s2 2s2 2p*1 2p4 3s2 3p*2 3p4 3d*4 3d6 4s1 6s1,2p,3,0,1s2 2s2 2p*2 2p3 3s2 3p*2 3p4 3d*4 3d6 4s1 6s1,1.5740977614790288e-17,21.39263999999821,1.4527950013581954
2p,3,2,1s2 2s2 2p*1 2p4 3s2 3p*2 3p4 3d*4 3d6 4s1 6s1,2p,3,1,1s2 2s2 2p*2 2p3 3s2 3p*2 3p4 3d*4 3d6 4s1 6s1,1.1135965636719515e-15,21.293849999994563,1.444870347865834
2p,3,2,1s2 2s2 2p*1 2p4 3s2 3p*2 3p4 3d*4 3d6 4s1 6s1,2p,5,0,1s2 2s2 2p*2 2p3 3s2 3p*2 3p4 3d*4 3d6 4s1 6s1,8.6548255864134e-12,20.1076999999932,1.450690202158635
2p,3,2,1s2 2s2 2p*1 2p4 3s2 3p*2 3p4 3d*4 3d6 4s1 6s1,3d,1,0,1s2 2s2 2p*2 2p4 3s2 3p*2 3p4 3d*3 3d6 4s1 6s1,4.014092873627355e-05,951.3527399999948,0.72201590243802
2p,3,2,1s2 2s2 2p*1 2p4 3s2 3p*2 3p4 3d*4 3d6 4s1 6s1,3d,3,0,1s2 2s2 2p*2 2p4 3s2 3p*2 3p4 3d*3 3d6 4s1 6s1,2.0360059095347808e-10,952.7878599999968,0.7220159024380202
2p,3,2,1s2 2s2 2p*1 2p4 3s2 3p*2 3p4 3d*4 3d6 4s1 6s1,3d,3,1,1s2 2s2 2p*2 2p4 3s2 3p*2 3p4 3d*3 3d6 4s1 6s1,9.64582907474564e-08,952.6369399999968,0.7220159024380204
2p,3,2,1s2 2s2 2p*1 2p4 3s2 3p*2 3p4 3d*4 3d6 4s1 6s1,3d,3,2,1s2 2s2 2p*2 2p4 3s2 3p*2 3p4 3d*3 3d6 4s1 6s1,5.488640548396694e-08,952.2602199999964,0.7220159024380213
2p,3,2,1s2 2s2 2p*1 2p4 3s2 3p*2 3p4 3d*4 3d6 4s1 6s1,3d,5,0,1s2 2s2 2p*2 2p4 3s2 3p*2 3p4 3d*3 3d6 4s1 6s1,7.521258230010799e-09,952.882209999996,0.7220159024380203
2p,3,2,1s2 2s2 2p*1 2p4 3s2 3p*2 3p4 3d*4 3d6 4s1 6s1,3d,5,1,1s2 2s2 2p*2 2p4 3s2 3p*2 3p4 3d*3 3d6 4s1 6s1,2.5062098981496734e-07,952.7688199999976,0.7220159024380204
2p,3,2,1s2 2s2 2p*1 2p4 3s2 3p*2 3p4 3d*4 3d6 4s1 6s1,3d,5,2,1s2 2s2 2p*2 2p4 3s2 3p*2 3p4 3d*3 3d6 4s1 6s1,1.639689599746082e-07,952.2765999999974,0.7220159024380207
2p,3,2,1s2 2s2 2p*1 2p4 3s2 3p*2 3p4 3d*4 3d6 4s1 6s1,3d,7,0,1s2 2s2 2p*2 2p4 3s2 3p*2 3p4 3d*4 3d5 4s1 6s1,3.581858309110068e-10,951.601419999999,0.72201590243802
2p,3,2,1s2 2s2 2p*1 2p4 3s2 3p*2 3p4 3d*4 3d6 4s1 6s1,3p,1,0,1s2 2s2 2p*2 2p4 3s2 3p*1 3p4 3d*4 3d6 4s1 6s1,4.4123236081604705e-13,876.9392599999992,3.3807743018414023
2p,3,2,1s2 2s2 2p*1 2p4 3s2 3p*2 3p4 3d*4 3d6 4s1 6s1,3p,1,1,1s2 2s2 2p*2 2p4 3s2 3p*1 3p4 3d*4 3d6 4s1 6s1,3.114556345306157e-14,874.6731899999941,3.571254160598908
2p,3,2,1s2 2s2 2p*1 2p4 3s2 3p*2 3p4 3d*4 3d6 4s1 6s1,3p,1,2,1s2 2s2 2p*2 2p4 3s2 3p*1 3p4 3d*4 3d6 4s1 6s1,1.972450046789568e-12,872.7088399999993,3.561483300634442
2p,3,2,1s2 2s2 2p*1 2p4 3s2 3p*2 3p4 3d*4 3d6 4s1 6s1,3p,3,0,1s2 2s2 2p*2 2p4 3s2 3p*1 3p4 3d*4 3d6 4s1 6s1,2.7126638936031638e-11,877.1528099999996,3.4694450029188197
2p,3,2,1s2 2s2 2p*1 2p4 3s2 3p*2 3p4 3d*4 3d6 4s1 6s1,3p,3,1,1s2 2s2 2p*2 2p4 3s2 3p*1 3p4 3d*4 3d6 4s1 6s1,2.5478714271115124e-11,876.9111899999989,3.361941782659903
2p,3,2,1s2 2s2 2p*1 2p4 3s2 3p*2 3p4 3d*4 3d6 4s1 6s1,3p,3,2,1s2 2s2 2p*2 2p4 3s2 3p*1 3p4 3d*4 3d6 4s1 6s1,4.54654605413016e-10,873.2156099999993,3.501425720899475
2p,3,2,1s2 2s2 2p*1 2p4 3s2 3p*2 3p4 3d*4 3d6 4s1 6s1,3p,5,0,1s2 2s2 2p*2 2p4 3s2 3p*2 3p3 3d*4 3d6 4s1 6s1,7.869242911926554e-08,875.8772799999933,3.4929091653745963
2p,3,2,1s2 2s2 2p*1 2p4 3s2 3p*2 3p4 3d*4 3d6 4s1 6s1,3s,1,0,1s2 2s2 2p*2 2p4 3s1 3p*2 3p4 3d*4 3d6 4s1 6s1,4.793294132299476e-08,826.5297799999971,4.117067458123297
2p,3,2,1s2 2s2 2p*1 2p4 3s2 3p*2 3p4 3d*4 3d6 4s1 6s1,3s,1,1,1s2 2s2 2p*2 2p4 3s1 3p*2 3p4 3d*4 3d6 4s1 6s1,4.117259095965388e-08,828.0478199999998,3.674348714241326
2p,3,2,1s2 2s2 2p*1 2p4 3s2 3p*2 3p4 3d*4 3d6 4s1 6s1,3s,3,0,1s2 2s2 2p*2 2p4 3s1 3p*2 3p4 3d*4 3d6 4s1 6s1,4.707767966535001e-05,827.0338999999949,3.895424421648532
2p,3,2,1s2 2s2 2p*1 2p4 3s2 3p*2 3p4 3d*4 3d6 4s1 6s1,4s,1,0,1s2 2s2 2p*2 2p4 3s2 3p*2 3p4 3d*4 3d6 6s1,1.669530315603504e-06,952.2303699999976,0.7220159024380203
2p,3,2,1s2 2s2 2p*1 2p4 3s2 3p*2 3p4 3d*4 3d6 4s1 6s1,6s,1,0,1s2 2s2 2p*2 2p4 3s2 3p*2 3p4 3d*4 3d6 4s1,1.082242540635609e-07,957.6768599999996,0.72201590243802
2p,5,0,1s2 2s2 2p*2 2p3 3s2 3p*2 3p4 3d*4 3d6 4s1 6s1,2p,3,0,1s2 2s2 2p*2 2p3 3s2 3p*2 3p4 3d*4 3d6 4s1 6s1,2.473101640732509e-20,1.2849400000050082,1.4594533986407903
2p,5,0,1s2 2s2 2p*2 2p3 3s2 3p*2 3p4 3d*4 3d6 4s1 6s1,2p,3,1,1s2 2s2 2p*2 2p3 3s2 3p*2 3p4 3d*4 3d6 4s1 6s1,5.710350452777421e-19,1.186150000001362,1.451528745148429
2p,5,0,1s2 2s2 2p*2 2p3 3s2 3p*2 3p4 3d*4 3d6 4s1 6s1,3d,1,0,1s2 2s2 2p*2 2p4 3s2 3p*2 3p4 3d*3 3d6 4s1 6s1,8.304178223240888e-11,931.2450400000016,0.728674299720615
2p,5,0,1s2 2s2 2p*2 2p3 3s2 3p*2 3p4 3d*4 3d6 4s1 6s1,3d,3,0,1s2 2s2 2p*2 2p4 3s2 3p*2 3p4 3d*3 3d6 4s1 6s1,2.8248920726346497e-10,932.6801600000036,0.7286742997206151
2p,5,0,1s2 2s2 2p*2 2p3 3s2 3p*2 3p4 3d*4 3d6 4s1 6s1,3d,3,1,1s2 2s2 2p*2 2p4 3s2 3p*2 3p4 3d*3 3d6 4s1 6s1,9.442314439535405e-09,932.5292400000036,0.7286742997206153
2p,5,0,1s2 2s2 2p*2 2p3 3s2 3p*2 3p4 3d*4 3d6 4s1 6s1,3d,3,2,1s2 2s2 2p*2 2p4 3s2 3p*2 3p4 3d*3 3d6 4s1 6s1,1.0086096801370443e-09,932.1525200000032,0.7286742997206161
2p,5,0,1s2 2s2 2p*2 2p3 3s2 3p*2 3p4 3d*4 3d6 4s1 6s1,3d,5,0,1s2 2s2 2p*2 2p4 3s2 3p*2 3p4 3d*3 3d6 4s1 6s1,7.010177482553729e-08,932.7745100000028,0.7286742997206151
2p,5,0,1s2 2s2 2p*2 2p3 3s2 3p*2 3p4 3d*4 3d6 4s1 6s1,3d,5,1,1s2 2s2 2p*2 2p4 3s2 3p*2 3p4 3d*3 3d6 4s1 6s1,1.3684078721593866e-07,932.6611200000044,0.7286742997206154
2p,5,0,1s2 2s2 2p*2 2p3 3s2 3p*2 3p4 3d*4 3d6 4s1 6s1,3d,5,2,1s2 2s2 2p*2 2p4 3s2 3p*2 3p4 3d*3 3d6 4s1 6s1,5.317866327314642e-09,932.1689000000042,0.7286742997206157
2p,5,0,1s2 2s2 2p*2 2p3 3s2 3p*2 3p4 3d*4 3d6 4s1 6s1,3d,7,0,1s2 2s2 2p*2 2p4 3s2 3p*2 3p4 3d*4 3d5 4s1 6s1,0.0017065155577083682,931.493720000006,0.728674299720615
2p,5,0,1s2 2s2 2p*2 2p3 3s2 3p*2 3p4 3d*4 3d6 4s1 6s1,3p,1,0,1s2 2s2 2p*2 2p4 3s2 3p*1 3p4 3d*4 3d6 4s1 6s1,2.503271881907323e-13,856.831560000006,3.387432699123997
2p,5,0,1s2 2s2 2p*2 2p3 3s2 3p*2 3p4 3d*4 3d6 4s1 6s1,3p,1,1,1s2 2s2 2p*2 2p4 3s2 3p*1 3p4 3d*4 3d6 4s1 6s1,8.749708678433937e-14,854.5654900000009,3.5779125578815036
2p,5,0,1s2 2s2 2p*2 2p3 3s2 3p*2 3p4 3d*4 3d6 4s1 6s1,3p,1,2,1s2 2s2 2p*2 2p4 3s2 3p*1 3p4 3d*4 3d6 4s1 6s1,2.875025257820344e-11,852.6011400000061,3.5681416979170373
2p,5,0,1s2 2s2 2p*2 2p3 3s2 3p*2 3p4 3d*4 3d6 4s1 6s1,3p,3,0,1s2 2s2 2p*2 2p4 3s2 3p*1 3p4 3d*4 3d6 4s1 6s1,2.3418746411315755e-11,857.0451100000064,3.4761034002014144
2p,5,0,1s2 2s2 2p*2 2p3 3s2 3p*2 3p4 3d*4 3d6 4s1 6s1,3p,3,1,1s2 2s2 2p*2 2p4 3s2 3p*1 3p4 3d*4 3d6 4s1 6s1,2.429427055079746e-11,856.8034900000057,3.368600179942498
2p,5,0,1s2 2s2 2p*2 2p3 3s2 3p*2 3p4 3d*4 3d6 4s1 6s1,3p,3,2,1s2 2s2 2p*2 2p4 3s2 3p*1 3p4 3d*4 3d6 4s1 6s1,6.949272437307866e-08,853.1079100000061,3.5080841181820697
2p,5,0,1s2 2s2 2p*2 2p3 3s2 3p*2 3p4 3d*4 3d6 4s1 6s1,3p,5,0,1s2 2s2 2p*2 2p4 3s2 3p*2 3p3 3d*4 3d6 4s1 6s1,9.113851746505706e-08,855.7695800000001,3.499567562657191
2p,5,0,1s2 2s2 2p*2 2p3 3s2 3p*2 3p4 3d*4 3d6 4s1 6s1,3s,1,0,1s2 2s2 2p*2 2p4 3s1 3p*2 3p4 3d*4 3d6 4s1 6s1,4.0000861974380514e-14,806.4220800000039,4.123725855405891
2p,5,0,1s2 2s2 2p*2 2p3 3s2 3p*2 3p4 3d*4 3d6 4s1 6s1,3s,1,1,1s2 2s2 2p*2 2p4 3s1 3p*2 3p4 3d*4 3d6 4s1 6s1,3.751701105610369e-14,807.9401200000066,3.6810071115239205
2p,5,0,1s2 2s2 2p*2 2p3 3s2 3p*2 3p4 3d*4 3d6 4s1 6s1,3s,3,0,1s2 2s2 2p*2 2p4 3s1 3p*2 3p4 3d*4 3d6 4s1 6s1,0.00013301079252787834,806.9262000000017,3.9020828189311265
2p,5,0,1s2 2s2 2p*2 2p3 3s2 3p*2 3p4 3d*4 3d6 4s1 6s1,4s,1,0,1s2 2s2 2p*2 2p4 3s2 3p*2 3p4 3d*4 3d6 6s1,1.9580802677676483e-12,932.1226700000044,0.7286742997206151
2p,5,0,1s2 2s2 2p*2 2p3 3s2 3p*2 3p4 3d*4 3d6 4s1 6s1,6s,1,0,1s2 2s2 2p*2 2p4 3s2 3p*2 3p4 3d*4 3d6 4s1,1.2996960511843805e-13,937.5691600000064,0.728674299720615
2s,1,0,1s2 2s1 2p*2 2p4 3s2 3p*2 3p4 3d*4 3d6 4s1 6s1,2p,1,0,1s2 2s2 2p*2 2p3 3s2 3p*2 3p4 3d*4 3d6 4s1 6s1,2.492490179382263e-09,167.87656000000425,7.534124263288647
2s,1,0,1s2 2s1 2p*2 2p4 3s2 3p*2 3p4 3d*4 3d6 4s1 6s1,2p,1,1,1s2 2s2 2p*1 2p4 3s2 3p*2 3p4 3d*4 3d6 4s1 6s1,3.002663831170282e-11,149.20961000000534,7.5202975515576265
2s,1,0,1s2 2s1 2p*2 2p4 3s2 3p*2 3p4 3d*4 3d6 4s1 6s1,2p,1,2,1s2 2s2 2p*1 2p4 3s2 3p*2 3p4 3d*4 3d6 4s1 6s1,7.271032111884306e-07,147.3454600000041,7.492699246288838
2s,1,0,1s2 2s1 2p*2 2p4 3s2 3p*2 3p4 3d*4 3d6 4s1 6s1,2p,3,0,1s2 2s2 2p*2 2p3 3s2 3p*2 3p4 3d*4 3d6 4s1 6s1,8.099178955599339e-10,169.2467900000047,7.538051143295834
2s,1,0,1s2 2s1 2p*2 2p4 3s2 3p*2 3p4 3d*4 3d6 4s1 6s1,2p,3,1,1s2 2s2 2p*2 2p3 3s2 3p*2 3p4 3d*4 3d6 4s1 6s1,2.2303641415763524e-10,169.14800000000105,7.5301264898034725
2s,1,0,1s2 2s1 2p*2 2p4 3s2 3p*2 3p4 3d*4 3d6 4s1 6s1,2p,3,2,1s2 2s2 2p*1 2p4 3s2 3p*2 3p4 3d*4 3d6 4s1 6s1,1.5686467968044776e-09,147.85415000000648,7.529287946813679
2s,1,0,1s2 2s1 2p*2 2p4 3s2 3p*2 3p4 3d*4 3d6 4s1 6s1,2p,5,0,1s2 2s2 2p*2 2p3 3s2 3p*2 3p4 3d*4 3d6 4s1 6s1,8.092337963253639e-17,167.96184999999969,7.535946344096274
2s,1,0,1s2 2s1 2p*2 2p4 3s2 3p*2 3p4 3d*4 3d6 4s1 6s1,2s,1,1,1s2 2s1 2p*2 2p4 3s2 3p*2 3p4 3d*4 3d6 4s1 6s1,1.7169923862995128e-19,1.6306000000040513,13.342772845413304
2s,1,0,1s2 2s1 2p*2 2p4 3s2 3p*2 3p4 3d*4 3d6 4s1 6s1,2s,3,0,1s2 2s1 2p*2 2p4 3s2 3p*2 3p4 3d*4 3d6 4s1 6s1,1.2423097061085165e-24,0.5017800000059651,13.413999719653008
2s,1,0,1s2 2s1 2p*2 2p4 3s2 3p*2 3p4 3d*4 3d6 4s1 6s1,3d,1,0,1s2 2s2 2p*2 2p4 3s2 3p*2 3p4 3d*3 3d6 4s1 6s1,4.013051810200637e-17,1099.2068900000013,6.807272044375659
2s,1,0,1s2 2s1 2p*2 2p4 3s2 3p*2 3p4 3d*4 3d6 4s1 6s1,3d,3,0,1s2 2s2 2p*2 2p4 3s2 3p*2 3p4 3d*3 3d6 4s1 6s1,1.8274079366085454e-11,1100.6420100000032,6.807272044375659
2s,1,0,1s2 2s1 2p*2 2p4 3s2 3p*2 3p4 3d*4 3d6 4s1 6s1,3d,3,1,1s2 2s2 2p*2 2p4 3s2 3p*2 3p4 3d*3 3d6 4s1 6s1,1.0525894081367993e-10,1100.4910900000032,6.807272044375659
2s,1,0,1s2 2s1 2p*2 2p4 3s2 3p*2 3p4 3d*4 3d6 4s1 6s1,3d,3,2,1s2 2s2 2p*2 2p4 3s2 3p*2 3p4 3d*3 3d6 4s1 6s1,4.214293016129813e-12,1100.114370000003,6.807272044375661
2s,1,0,1s2 2s1 2p*2 2p4 3s2 3p*2 3p4 3d*4 3d6 4s1 6s1,3d,5,0,1s2 2s2 2p*2 2p4 3s2 3p*2 3p4 3d*3 3d6 4s1 6s1,1.0068852942568843e-10,1100.7363600000026,6.807272044375659
2s,1,0,1s2 2s1 2p*2 2p4 3s2 3p*2 3p4 3d*4 3d6 4s1 6s1,3d,5,1,1s2 2s2 2p*2 2p4 3s2 3p*2 3p4 3d*3 3d6 4s1 6s1,8.831938676359833e-11,1100.622970000004,6.807272044375659
2s,1,0,1s2 2s1 2p*2 2p4 3s2 3p*2 3p4 3d*4 3d6 4s1 6s1,3d,5,2,1s2 2s2 2p*2 2p4 3s2 3p*2 3p4 3d*3 3d6 4s1 6s1,4.1400331981581096e-11,1100.130750000004,6.807272044375661
2s,1,0,1s2 2s1 2p*2 2p4 3s2 3p*2 3p4 3d*4 3d6 4s1 6s1,3d,7,0,1s2 2s2 2p*2 2p4 3s2 3p*2 3p4 3d*4 3d5 4s1 6s1,3.027973085537591e-16,1099.4555700000055,6.807272044375659
2s,1,0,1s2 2s1 2p*2 2p4 3s2 3p*2 3p4 3d*4 3d6 4s1 6s1,3p,1,0,1s2 2s2 2p*2 2p4 3s2 3p*1 3p4 3d*4 3d6 4s1 6s1,1.7472257047686564e-08,1024.7934100000057,9.46603044377904
2s,1,0,1s2 2s1 2p*2 2p4 3s2 3p*2 3p4 3d*4 3d6 4s1 6s1,3p,1,1,1s2 2s2 2p*2 2p4 3s2 3p*1 3p4 3d*4 3d6 4s1 6s1,3.1745105258189926e-09,1022.5273400000004,9.656510302536548
2s,1,0,1s2 2s1 2p*2 2p4 3s2 3p*2 3p4 3d*4 3d6 4s1 6s1,3p,1,2,1s2 2s2 2p*2 2p4 3s2 3p*1 3p4 3d*4 3d6 4s1 6s1,2.9339880034171544e-05,1020.5629900000058,9.646739442572082
2s,1,0,1s2 2s1 2p*2 2p4 3s2 3p*2 3p4 3d*4 3d6 4s1 6s1,3p,3,0,1s2 2s2 2p*2 2p4 3s2 3p*1 3p4 3d*4 3d6 4s1 6s1,6.915034605611758e-08,1025.006960000006,9.554701144856459
2s,1,0,1s2 2s1 2p*2 2p4 3s2 3p*2 3p4 3d*4 3d6 4s1 6s1,3p,3,1,1s2 2s2 2p*2 2p4 3s2 3p*1 3p4 3d*4 3d6 4s1 6s1,1.0447597352718792e-13,1024.7653400000054,9.447197924597543
2s,1,0,1s2 2s1 2p*2 2p4 3s2 3p*2 3p4 3d*4 3d6 4s1 6s1,3p,3,2,1s2 2s2 2p*2 2p4 3s2 3p*1 3p4 3d*4 3d6 4s1 6s1,7.830398058455013e-08,1021.0697600000058,9.586681862837114
2s,1,0,1s2 2s1 2p*2 2p4 3s2 3p*2 3p4 3d*4 3d6 4s1 6s1,3p,5,0,1s2 2s2 2p*2 2p4 3s2 3p*2 3p3 3d*4 3d6 4s1 6s1,8.334625123257017e-14,1023.7314299999998,9.578165307312235
2s,1,0,1s2 2s1 2p*2 2p4 3s2 3p*2 3p4 3d*4 3d6 4s1 6s1,3s,1,0,1s2 2s2 2p*2 2p4 3s1 3p*2 3p4 3d*4 3d6 4s1 6s1,1.871946906209087e-11,974.3839300000036,10.202323600060936
2s,1,0,1s2 2s1 2p*2 2p4 3s2 3p*2 3p4 3d*4 3d6 4s1 6s1,3s,1,1,1s2 2s2 2p*2 2p4 3s1 3p*2 3p4 3d*4 3d6 4s1 6s1,7.340481479407973e-14,975.9019700000064,9.759604856178965
2s,1,0,1s2 2s1 2p*2 2p4 3s2 3p*2 3p4 3d*4 3d6 4s1 6s1,3s,3,0,1s2 2s2 2p*2 2p4 3s1 3p*2 3p4 3d*4 3d6 4s1 6s1,5.333556717863471e-14,974.8880500000014,9.980680563586171
2s,1,0,1s2 2s1 2p*2 2p4 3s2 3p*2 3p4 3d*4 3d6 4s1 6s1,4s,1,0,1s2 2s2 2p*2 2p4 3s2 3p*2 3p4 3d*4 3d6 6s1,1.0660369135852559e-16,1100.084520000004,6.807272044375659
2s,1,0,1s2 2s1 2p*2 2p4 3s2 3p*2 3p4 3d*4 3d6 4s1 6s1,6s,1,0,1s2 2s2 2p*2 2p4 3s2 3p*2 3p4 3d*4 3d6 4s1,3.628723409832112e-14,1105.531010000006,6.807272044375659
2s,1,1,1s2 2s1 2p*2 2p4 3s2 3p*2 3p4 3d*4 3d6 4s1 6s1,2p,1,0,1s2 2s2 2p*2 2p3 3s2 3p*2 3p4 3d*4 3d6 4s1 6s1,5.493558887078019e-10,166.2459600000002,7.262353019950631
2s,1,1,1s2 2s1 2p*2 2p4 3s2 3p*2 3p4 3d*4 3d6 4s1 6s1,2p,1,1,1s2 2s2 2p*1 2p4 3s2 3p*2 3p4 3d*4 3d6 4s1 6s1,8.469184162726567e-09,147.5790100000013,7.248526308219612
2s,1,1,1s2 2s1 2p*2 2p4 3s2 3p*2 3p4 3d*4 3d6 4s1 6s1,2p,1,2,1s2 2s2 2p*1 2p4 3s2 3p*2 3p4 3d*4 3d6 4s1 6s1,4.93190590249583e-10,145.71486000000004,7.2209280029508225
2s,1,1,1s2 2s1 2p*2 2p4 3s2 3p*2 3p4 3d*4 3d6 4s1 6s1,2p,3,0,1s2 2s2 2p*2 2p3 3s2 3p*2 3p4 3d*4 3d6 4s1 6s1,7.807195537154556e-08,167.61619000000064,7.266279899957818
2s,1,1,1s2 2s1 2p*2 2p4 3s2 3p*2 3p4 3d*4 3d6 4s1 6s1,2p,3,1,1s2 2s2 2p*2 2p3 3s2 3p*2 3p4 3d*4 3d6 4s1 6s1,2.8614919103770624e-06,167.517399999997,7.258355246465457
2s,1,1,1s2 2s1 2p*2 2p4 3s2 3p*2 3p4 3d*4 3d6 4s1 6s1,2p,3,2,1s2 2s2 2p*1 2p4 3s2 3p*2 3p4 3d*4 3d6 4s1 6s1,4.2109999871079603e-10,146.22355000000243,7.257516703475663
2s,1,1,1s2 2s1 2p*2 2p4 3s2 3p*2 3p4 3d*4 3d6 4s1 6s1,2p,5,0,1s2 2s2 2p*2 2p3 3s2 3p*2 3p4 3d*4 3d6 4s1 6s1,2.5155013848498916e-17,166.33124999999563,7.2641751007582585
2s,1,1,1s2 2s1 2p*2 2p4 3s2 3p*2 3p4 3d*4 3d6 4s1 6s1,3d,1,0,1s2 2s2 2p*2 2p4 3s2 3p*2 3p4 3d*3 3d6 4s1 6s1,1.571928399284452e-18,1097.5762899999972,6.535500801037643
2s,1,1,1s2 2s1 2p*2 2p4 3s2 3p*2 3p4 3d*4 3d6 4s1 6s1,3d,3,0,1s2 2s2 2p*2 2p4 3s2 3p*2 3p4 3d*3 3d6 4s1 6s1,4.407265061515911e-08,1099.0114099999992,6.535500801037643
2s,1,1,1s2 2s1 2p*2 2p4 3s2 3p*2 3p4 3d*4 3d6 4s1 6s1,3d,3,1,1s2 2s2 2p*2 2p4 3s2 3p*2 3p4 3d*3 3d6 4s1 6s1,6.703805626214256e-10,1098.8604899999991,6.535500801037643
2s,1,1,1s2 2s1 2p*2 2p4 3s2 3p*2 3p4 3d*4 3d6 4s1 6s1,3d,3,2,1s2 2s2 2p*2 2p4 3s2 3p*2 3p4 3d*3 3d6 4s1 6s1,1.0935829518021464e-06,1098.483769999999,6.535500801037644
2s,1,1,1s2 2s1 2p*2 2p4 3s2 3p*2 3p4 3d*4 3d6 4s1 6s1,3d,5,0,1s2 2s2 2p*2 2p4 3s2 3p*2 3p4 3d*3 3d6 4s1 6s1,7.548387493557463e-11,1099.1057599999986,6.535500801037643
2s,1,1,1s2 2s1 2p*2 2p4 3s2 3p*2 3p4 3d*4 3d6 4s1 6s1,3d,5,1,1s2 2s2 2p*2 2p4 3s2 3p*2 3p4 3d*3 3d6 4s1 6s1,1.2751010789258463e-07,1098.99237,6.535500801037643
2s,1,1,1s2 2s1 2p*2 2p4 3s2 3p*2 3p4 3d*4 3d6 4s1 6s1,3d,5,2,1s2 2s2 2p*2 2p4 3s2 3p*2 3p4 3d*3 3d6 4s1 6s1,1.5948280894927946e-06,1098.5001499999998,6.535500801037644
2s,1,1,1s2 2s1 2p*2 2p4 3s2 3p*2 3p4 3d*4 3d6 4s1 6s1,3d,7,0,1s2 2s2 2p*2 2p4 3s2 3p*2 3p4 3d*4 3d5 4s1 6s1,5.544696073238704e-16,1097.8249700000017,6.535500801037643
2s,1,1,1s2 2s1 2p*2 2p4 3s2 3p*2 3p4 3d*4 3d6 4s1 6s1,3p,1,0,1s2 2s2 2p*2 2p4 3s2 3p*1 3p4 3d*4 3d6 4s1 6s1,3.3753312482240746e-05,1023.1628100000016,9.194259200441024
2s,1,1,1s2 2s1 2p*2 2p4 3s2 3p*2 3p4 3d*4 3d6 4s1 6s1,3p,1,1,1s2 2s2 2p*2 2p4 3s2 3p*1 3p4 3d*4 3d6 4s1 6s1,1.9266205553075034e-09,1020.8967399999964,9.384739059198532
2s,1,1,1s2 2s1 2p*2 2p4 3s2 3p*2 3p4 3d*4 3d6 4s1 6s1,3p,1,2,1s2 2s2 2p*2 2p4 3s2 3p*1 3p4 3d*4 3d6 4s1 6s1,3.76418536100873e-08,1018.9323900000018,9.374968199234065
2s,1,1,1s2 2s1 2p*2 2p4 3s2 3p*2 3p4 3d*4 3d6 4s1 6s1,3p,3,0,1s2 2s2 2p*2 2p4 3s2 3p*1 3p4 3d*4 3d6 4s1 6s1,1.141361348876749e-06,1023.376360000002,9.282929901518443
2s,1,1,1s2 2s1 2p*2 2p4 3s2 3p*2 3p4 3d*4 3d6 4s1 6s1,3p,3,1,1s2 2s2 2p*2 2p4 3s2 3p*1 3p4 3d*4 3d6 4s1 6s1,0.00011024306166061174,1023.1347400000012,9.175426681259525
2s,1,1,1s2 2s1 2p*2 2p4 3s2 3p*2 3p4 3d*4 3d6 4s1 6s1,3p,3,2,1s2 2s2 2p*2 2p4 3s2 3p*1 3p4 3d*4 3d6 4s1 6s1,3.126795962851287e-08,1019.4391600000016,9.314910619499098
2s,1,1,1s2 2s1 2p*2 2p4 3s2 3p*2 3p4 3d*4 3d6 4s1 6s1,3p,5,0,1s2 2s2 2p*2 2p4 3s2 3p*2 3p3 3d*4 3d6 4s1 6s1,4.8095644019764935e-14,1022.1008299999958,9.306394063974219
2s,1,1,1s2 2s1 2p*2 2p4 3s2 3p*2 3p4 3d*4 3d6 4s1 6s1,3s,1,0,1s2 2s2 2p*2 2p4 3s1 3p*2 3p4 3d*4 3d6 4s1 6s1,5.7670962531290744e-15,972.7533299999996,9.93055235672292
2s,1,1,1s2 2s1 2p*2 2p4 3s2 3p*2 3p4 3d*4 3d6 4s1 6s1,3s,1,1,1s2 2s2 2p*2 2p4 3s1 3p*2 3p4 3d*4 3d6 4s1 6s1,4.673324463859569e-15,974.2713700000022,9.487833612840948
2s,1,1,1s2 2s1 2p*2 2p4 3s2 3p*2 3p4 3d*4 3d6 4s1 6s1,3s,3,0,1s2 2s2 2p*2 2p4 3s1 3p*2 3p4 3d*4 3d6 4s1 6s1,1.2446881753495327e-14,973.2574499999972,9.708909320248154
2s,1,1,1s2 2s1 2p*2 2p4 3s2 3p*2 3p4 3d*4 3d6 4s1 6s1,4s,1,0,1s2 2s2 2p*2 2p4 3s2 3p*2 3p4 3d*4 3d6 6s1,4.30813798031718e-11,1098.45392,6.535500801037643
2s,1,1,1s2 2s1 2p*2 2p4 3s2 3p*2 3p4 3d*4 3d6 4s1 6s1,6s,1,0,1s2 2s2 2p*2 2p4 3s2 3p*2 3p4 3d*4 3d6 4s1,6.0967309361501e-11,1103.900410000002,6.535500801037643
2s,3,0,1s2 2s1 2p*2 2p4 3s2 3p*2 3p4 3d*4 3d6 4s1 6s1,2p,1,0,1s2 2s2 2p*2 2p3 3s2 3p*2 3p4 3d*4 3d6 4s1 6s1,2.109677696764514e-07,167.37477999999828,7.333579894190336
2s,3,0,1s2 2s1 2p*2 2p4 3s2 3p*2 3p4 3d*4 3d6 4s1 6s1,2p,1,1,1s2 2s2 2p*1 2p4 3s2 3p*2 3p4 3d*4 3d6 4s1 6s1,2.547241806682733e-13,148.70782999999938,7.319753182459316
2s,3,0,1s2 2s1 2p*2 2p4 3s2 3p*2 3p4 3d*4 3d6 4s1 6s1,2p,1,2,1s2 2s2 2p*1 2p4 3s2 3p*2 3p4 3d*4 3d6 4s1 6s1,1.0079366981439258e-10,146.84367999999813,7.292154877190527
2s,3,0,1s2 2s1 2p*2 2p4 3s2 3p*2 3p4 3d*4 3d6 4s1 6s1,2p,3,0,1s2 2s2 2p*2 2p3 3s2 3p*2 3p4 3d*4 3d6 4s1 6s1,1.3803991988576688e-11,168.74500999999873,7.337506774197523
2s,3,0,1s2 2s1 2p*2 2p4 3s2 3p*2 3p4 3d*4 3d6 4s1 6s1,2p,3,1,1s2 2s2 2p*2 2p3 3s2 3p*2 3p4 3d*4 3d6 4s1 6s1,6.44988626505135e-10,168.64621999999508,7.329582120705162
2s,3,0,1s2 2s1 2p*2 2p4 3s2 3p*2 3p4 3d*4 3d6 4s1 6s1,2p,3,2,1s2 2s2 2p*1 2p4 3s2 3p*2 3p4 3d*4 3d6 4s1 6s1,1.3931764295263874e-06,147.35237000000052,7.328743577715368
2s,3,0,1s2 2s1 2p*2 2p4 3s2 3p*2 3p4 3d*4 3d6 4s1 6s1,2p,5,0,1s2 2s2 2p*2 2p3 3s2 3p*2 3p4 3d*4 3d6 4s1 6s1,5.660188651830319e-06,167.46006999999372,7.335401974997963
2s,3,0,1s2 2s1 2p*2 2p4 3s2 3p*2 3p4 3d*4 3d6 4s1 6s1,2s,1,1,1s2 2s1 2p*2 2p4 3s2 3p*2 3p4 3d*4 3d6 4s1 6s1,3.97543233148024e-24,1.128819999998086,13.142228476314992
2s,3,0,1s2 2s1 2p*2 2p4 3s2 3p*2 3p4 3d*4 3d6 4s1 6s1,3d,1,0,1s2 2s2 2p*2 2p4 3s2 3p*2 3p4 3d*3 3d6 4s1 6s1,1.1718837608218453e-07,1098.705109999995,6.606727675277348
2s,3,0,1s2 2s1 2p*2 2p4 3s2 3p*2 3p4 3d*4 3d6 4s1 6s1,3d,3,0,1s2 2s2 2p*2 2p4 3s2 3p*2 3p4 3d*3 3d6 4s1 6s1,7.734483631464265e-13,1100.1402299999972,6.606727675277348
2s,3,0,1s2 2s1 2p*2 2p4 3s2 3p*2 3p4 3d*4 3d6 4s1 6s1,3d,3,1,1s2 2s2 2p*2 2p4 3s2 3p*2 3p4 3d*3 3d6 4s1 6s1,4.6446105221675576e-11,1099.9893099999972,6.606727675277348
2s,3,0,1s2 2s1 2p*2 2p4 3s2 3p*2 3p4 3d*4 3d6 4s1 6s1,3d,3,2,1s2 2s2 2p*2 2p4 3s2 3p*2 3p4 3d*3 3d6 4s1 6s1,4.864144764975001e-12,1099.612589999997,6.60672767527735
2s,3,0,1s2 2s1 2p*2 2p4 3s2 3p*2 3p4 3d*4 3d6 4s1 6s1,3d,5,0,1s2 2s2 2p*2 2p4 3s2 3p*2 3p4 3d*3 3d6 4s1 6s1,5.736154643135566e-11,1100.2345799999966,6.606727675277348
2s,3,0,1s2 2s1 2p*2 2p4 3s2 3p*2 3p4 3d*4 3d6 4s1 6s1,3d,5,1,1s2 2s2 2p*2 2p4 3s2 3p*2 3p4 3d*3 3d6 4s1 6s1,1.1396393108730674e-10,1100.121189999998,6.606727675277348
2s,3,0,1s2 2s1 2p*2 2p4 3s2 3p*2 3p4 3d*4 3d6 4s1 6s1,3d,5,2,1s2 2s2 2p*2 2p4 3s2 3p*2 3p4 3d*3 3d6 4s1 6s1,4.072145755820657e-12,1099.628969999998,6.60672767527735
2s,3,0,1s2 2s1 2p*2 2p4 3s2 3p*2 3p4 3d*4 3d6 4s1 6s1,3d,7,0,1s2 2s2 2p*2 2p4 3s2 3p*2 3p4 3d*4 3d5 4s1 6s1,4.6380400865917135e-07,1098.9537899999996,6.606727675277348
2s,3,0,1s2 2s1 2p*2 2p4 3s2 3p*2 3p4 3d*4 3d6 4s1 6s1,3p,1,0,1s2 2s2 2p*2 2p4 3s2 3p*1 3p4 3d*4 3d6 4s1 6s1,9.727831243313932e-11,1024.2916299999997,9.26548607468073
2s,3,0,1s2 2s1 2p*2 2p4 3s2 3p*2 3p4 3d*4 3d6 4s1 6s1,3p,1,1,1s2 2s2 2p*2 2p4 3s2 3p*1 3p4 3d*4 3d6 4s1 6s1,6.89975437487278e-13,1022.0255599999946,9.455965933438236
2s,3,0,1s2 2s1 2p*2 2p4 3s2 3p*2 3p4 3d*4 3d6 4s1 6s1,3p,1,2,1s2 2s2 2p*2 2p4 3s2 3p*1 3p4 3d*4 3d6 4s1 6s1,1.9666175456631778e-08,1020.0612099999998,9.44619507347377
2s,3,0,1s2 2s1 2p*2 2p4 3s2 3p*2 3p4 3d*4 3d6 4s1 6s1,3p,3,0,1s2 2s2 2p*2 2p4 3s2 3p*1 3p4 3d*4 3d6 4s1 6s1,1.793410104110737e-08,1024.50518,9.354156775758147
2s,3,0,1s2 2s1 2p*2 2p4 3s2 3p*2 3p4 3d*4 3d6 4s1 6s1,3p,3,1,1s2 2s2 2p*2 2p4 3s2 3p*1 3p4 3d*4 3d6 4s1 6s1,2.036695549970208e-08,1024.2635599999994,9.24665355549923
2s,3,0,1s2 2s1 2p*2 2p4 3s2 3p*2 3p4 3d*4 3d6 4s1 6s1,3p,3,2,1s2 2s2 2p*2 2p4 3s2 3p*1 3p4 3d*4 3d6 4s1 6s1,6.55394721969834e-05,1020.5679799999998,9.386137493738802
2s,3,0,1s2 2s1 2p*2 2p4 3s2 3p*2 3p4 3d*4 3d6 4s1 6s1,3p,5,0,1s2 2s2 2p*2 2p4 3s2 3p*2 3p3 3d*4 3d6 4s1 6s1,0.00018497594348415531,1023.229649999994,9.377620938213925
2s,3,0,1s2 2s1 2p*2 2p4 3s2 3p*2 3p4 3d*4 3d6 4s1 6s1,3s,1,0,1s2 2s2 2p*2 2p4 3s1 3p*2 3p4 3d*4 3d6 4s1 6s1,6.422787577005413e-14,973.8821499999976,10.001779230962624
2s,3,0,1s2 2s1 2p*2 2p4 3s2 3p*2 3p4 3d*4 3d6 4s1 6s1,3s,1,1,1s2 2s2 2p*2 2p4 3s1 3p*2 3p4 3d*4 3d6 4s1 6s1,1.0285994477789528e-13,975.4001900000004,9.559060487080655
2s,3,0,1s2 2s1 2p*2 2p4 3s2 3p*2 3p4 3d*4 3d6 4s1 6s1,3s,3,0,1s2 2s2 2p*2 2p4 3s1 3p*2 3p4 3d*4 3d6 4s1 6s1,5.236273513464649e-11,974.3862699999954,9.780136194487861
2s,3,0,1s2 2s1 2p*2 2p4 3s2 3p*2 3p4 3d*4 3d6 4s1 6s1,4s,1,0,1s2 2s2 2p*2 2p4 3s2 3p*2 3p4 3d*4 3d6 6s1,1.3053846504599179e-13,1099.582739999998,6.606727675277348
2s,3,0,1s2 2s1 2p*2 2p4 3s2 3p*2 3p4 3d*4 3d6 4s1 6s1,6s,1,0,1s2 2s2 2p*2 2p4 3s2 3p*2 3p4 3d*4 3d6 4s1,8.216033295692341e-15,1105.02923,6.606727675277348
3d,1,0,1s2 2s2 2p*2 2p4 3s2 3p*2 3p4 3d*3 3d6 4s1 6s1,3d,3,0,1s2 2s2 2p*2 2p4 3s2 3p*2 3p4 3d*3 3d6 4s1 6s1,0.002540024141262789,1.4351200000019162,9.40417981304133e-17
3d,1,0,1s2 2s2 2p*2 2p4 3s2 3p*2 3p4 3d*3 3d6 4s1 6s1,3d,3,1,1s2 2s2 2p*2 2p4 3s2 3p*2 3p4 3d*3 3d6 4s1 6s1,0.04581765271447765,1.2842000000018745,2.622994082945532e-16
3d,1,0,1s2 2s2 2p*2 2p4 3s2 3p*2 3p4 3d*3 3d6 4s1 6s1,3d,3,2,1s2 2s2 2p*2 2p4 3s2 3p*2 3p4 3d*3 3d6 4s1 6s1,0.001638750614456894,0.9074800000016694,1.196391684984745e-15
3d,1,0,1s2 2s2 2p*2 2p4 3s2 3p*2 3p4 3d*3 3d6 4s1 6s1,3d,5,0,1s2 2s2 2p*2 2p4 3s2 3p*2 3p4 3d*3 3d6 4s1 6s1,1.4142691613436588e-06,1.5294700000013108,2.0528863635032282e-16
3d,1,0,1s2 2s2 2p*2 2p4 3s2 3p*2 3p4 3d*3 3d6 4s1 6s1,3d,5,1,1s2 2s2 2p*2 2p4 3s2 3p*2 3p4 3d*3 3d6 4s1 6s1,1.8353496406753797e-06,1.416080000002694,3.656032803725127e-16
3d,1,0,1s2 2s2 2p*2 2p4 3s2 3p*2 3p4 3d*3 3d6 4s1 6s1,3d,5,2,1s2 2s2 2p*2 2p4 3s2 3p*2 3p4 3d*3 3d6 4s1 6s1,8.036724986858828e-09,0.9238600000026054,6.815886702610372e-16
3d,1,0,1s2 2s2 2p*2 2p4 3s2 3p*2 3p4 3d*3 3d6 4s1 6s1,3d,7,0,1s2 2s2 2p*2 2p4 3s2 3p*2 3p4 3d*4 3d5 4s1 6s1,5.903554108654452e-22,0.2486800000042421,2.229505017240323e-17
3d,1,0,1s2 2s2 2p*2 2p4 3s2 3p*2 3p4 3d*3 3d6 4s1 6s1,4s,1,0,1s2 2s2 2p*2 2p4 3s2 3p*2 3p4 3d*4 3d6 6s1,1.2670700017208002e-08,0.8776300000026822,1.834783139587654e-16
3d,1,0,1s2 2s2 2p*2 2p4 3s2 3p*2 3p4 3d*3 3d6 4s1 6s1,6s,1,0,1s2 2s2 2p*2 2p4 3s2 3p*2 3p4 3d*4 3d6 4s1,3.02203575650664e-07,6.324120000004768,1.444139587108163e-17
3d,3,0,1s2 2s2 2p*2 2p4 3s2 3p*2 3p4 3d*3 3d6 4s1 6s1,3d,5,0,1s2 2s2 2p*2 2p4 3s2 3p*2 3p4 3d*3 3d6 4s1 6s1,0.011937308108617655,0.0943499999993946,2.7044764273857285e-16
3d,3,0,1s2 2s2 2p*2 2p4 3s2 3p*2 3p4 3d*3 3d6 4s1 6s1,6s,1,0,1s2 2s2 2p*2 2p4 3s2 3p*2 3p4 3d*4 3d6 4s1,0.08806269189138236,4.889000000002852,7.960040225933167e-17
3d,3,1,1s2 2s2 2p*2 2p4 3s2 3p*2 3p4 3d*3 3d6 4s1 6s1,3d,3,0,1s2 2s2 2p*2 2p4 3s2 3p*2 3p4 3d*3 3d6 4s1 6s1,0.0012188252041274092,0.1509200000000419,3.274584146828032e-16
3d,3,1,1s2 2s2 2p*2 2p4 3s2 3p*2 3p4 3d*3 3d6 4s1 6s1,3d,5,0,1s2 2s2 2p*2 2p4 3s2 3p*2 3p4 3d*3 3d6 4s1 6s1,0.0009099071200935219,0.2452699999994365,4.3870525290271275e-16
3d,3,1,1s2 2s2 2p*2 2p4 3s2 3p*2 3p4 3d*3 3d6 4s1 6s1,3d,5,1,1s2 2s2 2p*2 2p4 3s2 3p*2 3p4 3d*3 3d6 4s1 6s1,0.008701501192590524,0.1318800000008195,5.990198969249026e-16
3d,3,1,1s2 2s2 2p*2 2p4 3s2 3p*2 3p4 3d*3 3d6 4s1 6s1,6s,1,0,1s2 2s2 2p*2 2p4 3s2 3p*2 3p4 3d*4 3d6 4s1,0.08916976648318856,5.039920000002894,2.4785801242347153e-16
3d,3,2,1s2 2s2 2p*2 2p4 3s2 3p*2 3p4 3d*3 3d6 4s1 6s1,3d,3,0,1s2 2s2 2p*2 2p4 3s2 3p*2 3p4 3d*3 3d6 4s1 6s1,0.001738253847857849,0.5276400000002468,1.261550691372995e-15
3d,3,2,1s2 2s2 2p*2 2p4 3s2 3p*2 3p4 3d*3 3d6 4s1 6s1,3d,3,1,1s2 2s2 2p*2 2p4 3s2 3p*2 3p4 3d*3 3d6 4s1 6s1,0.0001725913246819677,0.3767200000002049,1.4298083015371349e-15
3d,3,2,1s2 2s2 2p*2 2p4 3s2 3p*2 3p4 3d*3 3d6 4s1 6s1,3d,5,0,1s2 2s2 2p*2 2p4 3s2 3p*2 3p4 3d*3 3d6 4s1 6s1,0.010054582659936778,0.6219899999996414,1.3727975295929044e-15
3d,3,2,1s2 2s2 2p*2 2p4 3s2 3p*2 3p4 3d*3 3d6 4s1 6s1,3d,5,1,1s2 2s2 2p*2 2p4 3s2 3p*2 3p4 3d*3 3d6 4s1 6s1,0.0015771187887244948,0.5086000000010245,1.5331121736150945e-15
3d,3,2,1s2 2s2 2p*2 2p4 3s2 3p*2 3p4 3d*3 3d6 4s1 6s1,3d,5,2,1s2 2s2 2p*2 2p4 3s2 3p*2 3p4 3d*3 3d6 4s1 6s1,1.9646615535473474e-06,0.0163800000009359,1.849097563503619e-15
3d,3,2,1s2 2s2 2p*2 2p4 3s2 3p*2 3p4 3d*3 3d6 4s1 6s1,6s,1,0,1s2 2s2 2p*2 2p4 3s2 3p*2 3p4 3d*4 3d6 4s1,0.08645548871724537,5.416640000003099,1.1819502891136633e-15
3d,5,0,1s2 2s2 2p*2 2p4 3s2 3p*2 3p4 3d*3 3d6 4s1 6s1,6s,1,0,1s2 2s2 2p*2 2p4 3s2 3p*2 3p4 3d*4 3d6 4s1,0.15,4.7946500000034575,1.908472404792412e-16
3d,5,1,1s2 2s2 2p*2 2p4 3s2 3p*2 3p4 3d*3 3d6 4s1 6s1,3d,3,0,1s2 2s2 2p*2 2p4 3s2 3p*2 3p4 3d*3 3d6 4s1 6s1,4.814568950366262e-06,0.0190399999992223,4.307622867607628e-16
3d,5,1,1s2 2s2 2p*2 2p4 3s2 3p*2 3p4 3d*3 3d6 4s1 6s1,3d,5,0,1s2 2s2 2p*2 2p4 3s2 3p*2 3p4 3d*3 3d6 4s1 6s1,0.00025042585045727527,0.1133899999986169,5.420091249806723e-16
3d,5,1,1s2 2s2 2p*2 2p4 3s2 3p*2 3p4 3d*3 3d6 4s1 6s1,6s,1,0,1s2 2s2 2p*2 2p4 3s2 3p*2 3p4 3d*4 3d6 4s1,0.14974475958059236,4.9080400000020745,3.5116188450143106e-16
3d,5,2,1s2 2s2 2p*2 2p4 3s2 3p*2 3p4 3d*3 3d6 4s1 6s1,3d,3,0,1s2 2s2 2p*2 2p4 3s2 3p*2 3p4 3d*3 3d6 4s1 6s1,2.146417093891284e-05,0.5112599999993108,7.467476766492873e-16
3d,5,2,1s2 2s2 2p*2 2p4 3s2 3p*2 3p4 3d*3 3d6 4s1 6s1,3d,3,1,1s2 2s2 2p*2 2p4 3s2 3p*2 3p4 3d*3 3d6 4s1 6s1,0.005934128394074844,0.3603399999992689,9.15005286813427e-16
3d,5,2,1s2 2s2 2p*2 2p4 3s2 3p*2 3p4 3d*3 3d6 4s1 6s1,3d,5,0,1s2 2s2 2p*2 2p4 3s2 3p*2 3p4 3d*3 3d6 4s1 6s1,0.006582920946293891,0.6056099999987055,8.579945148691968e-16
3d,5,2,1s2 2s2 2p*2 2p4 3s2 3p*2 3p4 3d*3 3d6 4s1 6s1,3d,5,1,1s2 2s2 2p*2 2p4 3s2 3p*2 3p4 3d*3 3d6 4s1 6s1,0.0010688354128402422,0.4922200000000885,1.0183091588913867e-15
3d,5,2,1s2 2s2 2p*2 2p4 3s2 3p*2 3p4 3d*3 3d6 4s1 6s1,6s,1,0,1s2 2s2 2p*2 2p4 3s2 3p*2 3p4 3d*4 3d6 4s1,0.13639265107585213,5.400260000002163,6.671472743899555e-16
3d,7,0,1s2 2s2 2p*2 2p4 3s2 3p*2 3p4 3d*4 3d5 4s1 6s1,3d,3,0,1s2 2s2 2p*2 2p4 3s2 3p*2 3p4 3d*3 3d6 4s1 6s1,2.5767106872903404e-08,1.186439999997674,8.745405656065328e-17
3d,7,0,1s2 2s2 2p*2 2p4 3s2 3p*2 3p4 3d*4 3d5 4s1 6s1,3d,3,1,1s2 2s2 2p*2 2p4 3s2 3p*2 3p4 3d*3 3d6 4s1 6s1,3.283695304972238e-07,1.035519999997632,2.5571166672479316e-16
3d,7,0,1s2 2s2 2p*2 2p4 3s2 3p*2 3p4 3d*4 3d5 4s1 6s1,3d,3,2,1s2 2s2 2p*2 2p4 3s2 3p*2 3p4 3d*3 3d6 4s1 6s1,3.3493853025229835e-09,0.6587999999974272,1.189803943414985e-15
3d,7,0,1s2 2s2 2p*2 2p4 3s2 3p*2 3p4 3d*4 3d5 4s1 6s1,3d,5,0,1s2 2s2 2p*2 2p4 3s2 3p*2 3p4 3d*3 3d6 4s1 6s1,0.0816706525047916,1.2807899999970689,1.987008947805628e-16
3d,7,0,1s2 2s2 2p*2 2p4 3s2 3p*2 3p4 3d*4 3d5 4s1 6s1,3d,5,1,1s2 2s2 2p*2 2p4 3s2 3p*2 3p4 3d*3 3d6 4s1 6s1,0.11748083642094707,1.1673999999984517,3.590155388027527e-16
3d,7,0,1s2 2s2 2p*2 2p4 3s2 3p*2 3p4 3d*4 3d5 4s1 6s1,3d,5,2,1s2 2s2 2p*2 2p4 3s2 3p*2 3p4 3d*3 3d6 4s1 6s1,0.0008481535789915122,0.6751799999983632,6.750009286912771e-16
3d,7,0,1s2 2s2 2p*2 2p4 3s2 3p*2 3p4 3d*4 3d5 4s1 6s1,4s,1,0,1s2 2s2 2p*2 2p4 3s2 3p*2 3p4 3d*4 3d6 6s1,1.4203421205561382e-15,0.62894999999844,1.7689057238900537e-16
3d,7,0,1s2 2s2 2p*2 2p4 3s2 3p*2 3p4 3d*4 3d5 4s1 6s1,6s,1,0,1s2 2s2 2p*2 2p4 3s2 3p*2 3p4 3d*4 3d6 4s1,9.245745631286291e-12,6.075440000000526,7.853654301321601e-18
3p,1,0,1s2 2s2 2p*2 2p4 3s2 3p*1 3p4 3d*4 3d6 4s1 6s1,3d,1,0,1s2 2s2 2p*2 2p4 3s2 3p*2 3p4 3d*3 3d6 4s1 6s1,5.668815807957715e-12,74.41347999999562,2.6587583994033817
3p,1,0,1s2 2s2 2p*2 2p4 3s2 3p*1 3p4 3d*4 3d6 4s1 6s1,3d,3,0,1s2 2s2 2p*2 2p4 3s2 3p*2 3p4 3d*3 3d6 4s1 6s1,1.8128385294701782e-06,75.84859999999753,2.6587583994033817
3p,1,0,1s2 2s2 2p*2 2p4 3s2 3p*1 3p4 3d*4 3d6 4s1 6s1,3d,3,1,1s2 2s2 2p*2 2p4 3s2 3p*2 3p4 3d*3 3d6 4s1 6s1,4.3174689467531406e-07,75.69767999999749,2.658758399403382
3p,1,0,1s2 2s2 2p*2 2p4 3s2 3p*1 3p4 3d*4 3d6 4s1 6s1,3d,3,2,1s2 2s2 2p*2 2p4 3s2 3p*2 3p4 3d*3 3d6 4s1 6s1,1.1790363656724772e-06,75.32095999999729,2.658758399403383
3p,1,0,1s2 2s2 2p*2 2p4 3s2 3p*1 3p4 3d*4 3d6 4s1 6s1,3d,5,0,1s2 2s2 2p*2 2p4 3s2 3p*2 3p4 3d*3 3d6 4s1 6s1,5.480151669739376e-15,75.94294999999693,2.658758399403382
3p,1,0,1s2 2s2 2p*2 2p4 3s2 3p*1 3p4 3d*4 3d6 4s1 6s1,3d,5,1,1s2 2s2 2p*2 2p4 3s2 3p*2 3p4 3d*3 3d6 4s1 6s1,1.7474466520605917e-15,75.82955999999831,2.658758399403382
3p,1,0,1s2 2s2 2p*2 2p4 3s2 3p*1 3p4 3d*4 3d6 4s1 6s1,3d,5,2,1s2 2s2 2p*2 2p4 3s2 3p*2 3p4 3d*3 3d6 4s1 6s1,2.319733372737523e-15,75.33733999999822,2.6587583994033825
3p,1,0,1s2 2s2 2p*2 2p4 3s2 3p*1 3p4 3d*4 3d6 4s1 6s1,3d,7,0,1s2 2s2 2p*2 2p4 3s2 3p*2 3p4 3d*4 3d5 4s1 6s1,1.7228181940830028e-21,74.66215999999986,2.6587583994033817
3p,1,0,1s2 2s2 2p*2 2p4 3s2 3p*1 3p4 3d*4 3d6 4s1 6s1,3p,3,0,1s2 2s2 2p*2 2p4 3s2 3p*1 3p4 3d*4 3d6 4s1 6s1,1.2341956118566623e-18,0.2135500000003958,5.406187499884181
3p,1,0,1s2 2s2 2p*2 2p4 3s2 3p*1 3p4 3d*4 3d6 4s1 6s1,4s,1,0,1s2 2s2 2p*2 2p4 3s2 3p*2 3p4 3d*4 3d6 6s1,2.177116075033491e-09,75.2911099999983,2.658758399403382
3p,1,0,1s2 2s2 2p*2 2p4 3s2 3p*1 3p4 3d*4 3d6 4s1 6s1,6s,1,0,1s2 2s2 2p*2 2p4 3s2 3p*2 3p4 3d*4 3d6 4s1,4.545887682494358e-08,80.73760000000038,2.6587583994033817
3p,1,1,1s2 2s2 2p*2 2p4 3s2 3p*1 3p4 3d*4 3d6 4s1 6s1,3d,1,0,1s2 2s2 2p*2 2p4 3s2 3p*2 3p4 3d*3 3d6 4s1 6s1,3.539662918227579e-12,76.67955000000075,2.849238258160888
3p,1,1,1s2 2s2 2p*2 2p4 3s2 3p*1 3p4 3d*4 3d6 4s1 6s1,3d,3,0,1s2 2s2 2p*2 2p4 3s2 3p*2 3p4 3d*3 3d6 4s1 6s1,1.1914607644645287e-07,78.11467000000266,2.849238258160888
3p,1,1,1s2 2s2 2p*2 2p4 3s2 3p*1 3p4 3d*4 3d6 4s1 6s1,3d,3,1,1s2 2s2 2p*2 2p4 3s2 3p*2 3p4 3d*3 3d6 4s1 6s1,2.0947709287156957e-06,77.96375000000262,2.8492382581608884
3p,1,1,1s2 2s2 2p*2 2p4 3s2 3p*1 3p4 3d*4 3d6 4s1 6s1,3d,3,2,1s2 2s2 2p*2 2p4 3s2 3p*2 3p4 3d*3 3d6 4s1 6s1,2.232628120600242e-08,77.58703000000241,2.8492382581608893
3p,1,1,1s2 2s2 2p*2 2p4 3s2 3p*1 3p4 3d*4 3d6 4s1 6s1,3d,5,0,1s2 2s2 2p*2 2p4 3s2 3p*2 3p4 3d*3 3d6 4s1 6s1,7.906045463363402e-16,78.20902000000206,2.8492382581608884
3p,1,1,1s2 2s2 2p*2 2p4 3s2 3p*1 3p4 3d*4 3d6 4s1 6s1,3d,5,1,1s2 2s2 2p*2 2p4 3s2 3p*2 3p4 3d*3 3d6 4s1 6s1,8.406786060781211e-16,78.09563000000344,2.8492382581608884
3p,1,1,1s2 2s2 2p*2 2p4 3s2 3p*1 3p4 3d*4 3d6 4s1 6s1,3d,5,2,1s2 2s2 2p*2 2p4 3s2 3p*2 3p4 3d*3 3d6 4s1 6s1,2.817496064552817e-15,77.60341000000335,2.849238258160889
3p,1,1,1s2 2s2 2p*2 2p4 3s2 3p*1 3p4 3d*4 3d6 4s1 6s1,3d,7,0,1s2 2s2 2p*2 2p4 3s2 3p*2 3p4 3d*4 3d5 4s1 6s1,1.1050964390585172e-21,76.92823000000499,2.849238258160888
3p,1,1,1s2 2s2 2p*2 2p4 3s2 3p*1 3p4 3d*4 3d6 4s1 6s1,3p,1,0,1s2 2s2 2p*2 2p4 3s2 3p*1 3p4 3d*4 3d6 4s1 6s1,9.785511988499046e-16,2.2660700000051293,5.50799665756427
3p,1,1,1s2 2s2 2p*2 2p4 3s2 3p*1 3p4 3d*4 3d6 4s1 6s1,3p,3,0,1s2 2s2 2p*2 2p4 3s2 3p*1 3p4 3d*4 3d6 4s1 6s1,1.6753951436844303e-16,2.479620000005525,5.596667358641688
3p,1,1,1s2 2s2 2p*2 2p4 3s2 3p*1 3p4 3d*4 3d6 4s1 6s1,3p,3,1,1s2 2s2 2p*2 2p4 3s2 3p*1 3p4 3d*4 3d6 4s1 6s1,1.3484708847397933e-15,2.2380000000048312,5.489164138382772
3p,1,1,1s2 2s2 2p*2 2p4 3s2 3p*1 3p4 3d*4 3d6 4s1 6s1,3p,5,0,1s2 2s2 2p*2 2p4 3s2 3p*2 3p3 3d*4 3d6 4s1 6s1,5.720370797728447e-25,1.204089999999269,5.6201315210974645
3p,1,1,1s2 2s2 2p*2 2p4 3s2 3p*1 3p4 3d*4 3d6 4s1 6s1,4s,1,0,1s2 2s2 2p*2 2p4 3s2 3p*2 3p4 3d*4 3d6 6s1,1.51961516927726e-11,77.55718000000343,2.8492382581608884
3p,1,1,1s2 2s2 2p*2 2p4 3s2 3p*1 3p4 3d*4 3d6 4s1 6s1,6s,1,0,1s2 2s2 2p*2 2p4 3s2 3p*2 3p4 3d*4 3d6 4s1,2.603519987496997e-09,83.00367000000551,2.849238258160888
3p,1,2,1s2 2s2 2p*2 2p4 3s2 3p*1 3p4 3d*4 3d6 4s1 6s1,3d,1,0,1s2 2s2 2p*2 2p4 3s2 3p*2 3p4 3d*3 3d6 4s1 6s1,5.33705646710695e-10,78.64389999999548,2.839467398196422
3p,1,2,1s2 2s2 2p*2 2p4 3s2 3p*1 3p4 3d*4 3d6 4s1 6s1,3d,3,0,1s2 2s2 2p*2 2p4 3s2 3p*2 3p4 3d*3 3d6 4s1 6s1,4.0644485144043266e-11,80.0790199999974,2.839467398196422
3p,1,2,1s2 2s2 2p*2 2p4 3s2 3p*1 3p4 3d*4 3d6 4s1 6s1,3d,3,1,1s2 2s2 2p*2 2p4 3s2 3p*2 3p4 3d*3 3d6 4s1 6s1,1.3258195355517042e-10,79.92809999999736,2.8394673981964225
3p,1,2,1s2 2s2 2p*2 2p4 3s2 3p*1 3p4 3d*4 3d6 4s1 6s1,3d,3,2,1s2 2s2 2p*2 2p4 3s2 3p*2 3p4 3d*3 3d6 4s1 6s1,2.04217269442255e-09,79.55137999999715,2.8394673981964234
3p,1,2,1s2 2s2 2p*2 2p4 3s2 3p*1 3p4 3d*4 3d6 4s1 6s1,3d,5,0,1s2 2s2 2p*2 2p4 3s2 3p*2 3p4 3d*3 3d6 4s1 6s1,3.1245047119391367e-18,80.1733699999968,2.8394673981964225
3p,1,2,1s2 2s2 2p*2 2p4 3s2 3p*1 3p4 3d*4 3d6 4s1 6s1,3d,5,1,1s2 2s2 2p*2 2p4 3s2 3p*2 3p4 3d*3 3d6 4s1 6s1,1.5846199199646866e-18,80.05997999999818,2.8394673981964225
3p,1,2,1s2 2s2 2p*2 2p4 3s2 3p*1 3p4 3d*4 3d6 4s1 6s1,3d,5,2,1s2 2s2 2p*2 2p4 3s2 3p*2 3p4 3d*3 3d6 4s1 6s1,1.9402543356366087e-19,79.56775999999809,2.8394673981964225
3p,1,2,1s2 2s2 2p*2 2p4 3s2 3p*1 3p4 3d*4 3d6 4s1 6s1,3d,7,0,1s2 2s2 2p*2 2p4 3s2 3p*2 3p4 3d*4 3d5 4s1 6s1,1.9186092406745828e-19,78.89257999999973,2.839467398196422
3p,1,2,1s2 2s2 2p*2 2p4 3s2 3p*1 3p4 3d*4 3d6 4s1 6s1,3p,1,0,1s2 2s2 2p*2 2p4 3s2 3p*1 3p4 3d*4 3d6 4s1 6s1,3.9382868765667636e-19,4.230419999999867,5.498225797599804
3p,1,2,1s2 2s2 2p*2 2p4 3s2 3p*1 3p4 3d*4 3d6 4s1 6s1,3p,1,1,1s2 2s2 2p*2 2p4 3s2 3p*1 3p4 3d*4 3d6 4s1 6s1,4.9191255170815805e-19,1.964349999994738,5.68870565635731
3p,1,2,1s2 2s2 2p*2 2p4 3s2 3p*1 3p4 3d*4 3d6 4s1 6s1,3p,3,0,1s2 2s2 2p*2 2p4 3s2 3p*1 3p4 3d*4 3d6 4s1 6s1,6.4352093974070256e-18,4.443970000000263,5.586896498677222
3p,1,2,1s2 2s2 2p*2 2p4 3s2 3p*1 3p4 3d*4 3d6 4s1 6s1,3p,3,1,1s2 2s2 2p*2 2p4 3s2 3p*1 3p4 3d*4 3d6 4s1 6s1,1.3782893320138678e-18,4.202349999999569,5.479393278418305
3p,1,2,1s2 2s2 2p*2 2p4 3s2 3p*1 3p4 3d*4 3d6 4s1 6s1,3p,3,2,1s2 2s2 2p*2 2p4 3s2 3p*1 3p4 3d*4 3d6 4s1 6s1,2.1488624396035118e-20,0.5067699999999604,5.618877216657877
3p,1,2,1s2 2s2 2p*2 2p4 3s2 3p*1 3p4 3d*4 3d6 4s1 6s1,3p,5,0,1s2 2s2 2p*2 2p4 3s2 3p*2 3p3 3d*4 3d6 4s1 6s1,8.925506065884972e-22,3.168439999994007,5.610360661132998
3p,1,2,1s2 2s2 2p*2 2p4 3s2 3p*1 3p4 3d*4 3d6 4s1 6s1,4s,1,0,1s2 2s2 2p*2 2p4 3s2 3p*2 3p4 3d*4 3d6 6s1,8.86716765733047e-09,79.52152999999817,2.8394673981964225
3p,1,2,1s2 2s2 2p*2 2p4 3s2 3p*1 3p4 3d*4 3d6 4s1 6s1,6s,1,0,1s2 2s2 2p*2 2p4 3s2 3p*2 3p4 3d*4 3d6 4s1,4.13169222307261e-09,84.96802000000025,2.839467398196422
3p,3,0,1s2 2s2 2p*2 2p4 3s2 3p*1 3p4 3d*4 3d6 4s1 6s1,3d,1,0,1s2 2s2 2p*2 2p4 3s2 3p*2 3p4 3d*3 3d6 4s1 6s1,5.478093903803209e-11,74.19992999999522,2.7474291004807996
3p,3,0,1s2 2s2 2p*2 2p4 3s2 3p*1 3p4 3d*4 3d6 4s1 6s1,3d,3,0,1s2 2s2 2p*2 2p4 3s2 3p*2 3p4 3d*3 3d6 4s1 6s1,1.017853133897416e-06,75.63504999999714,2.7474291004807996
3p,3,0,1s2 2s2 2p*2 2p4 3s2 3p*1 3p4 3d*4 3d6 4s1 6s1,3d,3,1,1s2 2s2 2p*2 2p4 3s2 3p*2 3p4 3d*3 3d6 4s1 6s1,2.6790337216513333e-08,75.4841299999971,2.7474291004808
3p,3,0,1s2 2s2 2p*2 2p4 3s2 3p*1 3p4 3d*4 3d6 4s1 6s1,3d,3,2,1s2 2s2 2p*2 2p4 3s2 3p*2 3p4 3d*3 3d6 4s1 6s1,4.543796116294161e-08,75.10740999999689,2.747429100480801
3p,3,0,1s2 2s2 2p*2 2p4 3s2 3p*1 3p4 3d*4 3d6 4s1 6s1,3d,5,0,1s2 2s2 2p*2 2p4 3s2 3p*2 3p4 3d*3 3d6 4s1 6s1,5.416523444025486e-06,75.72939999999653,2.7474291004808
3p,3,0,1s2 2s2 2p*2 2p4 3s2 3p*1 3p4 3d*4 3d6 4s1 6s1,3d,5,1,1s2 2s2 2p*2 2p4 3s2 3p*2 3p4 3d*3 3d6 4s1 6s1,5.731203595457547e-07,75.61600999999791,2.7474291004808
3p,3,0,1s2 2s2 2p*2 2p4 3s2 3p*1 3p4 3d*4 3d6 4s1 6s1,3d,5,2,1s2 2s2 2p*2 2p4 3s2 3p*2 3p4 3d*3 3d6 4s1 6s1,2.9210751049720873e-08,75.12378999999783,2.7474291004808
3p,3,0,1s2 2s2 2p*2 2p4 3s2 3p*1 3p4 3d*4 3d6 4s1 6s1,3d,7,0,1s2 2s2 2p*2 2p4 3s2 3p*2 3p4 3d*4 3d5 4s1 6s1,3.422223510075984e-18,74.44860999999946,2.7474291004807996
3p,3,0,1s2 2s2 2p*2 2p4 3s2 3p*1 3p4 3d*4 3d6 4s1 6s1,4s,1,0,1s2 2s2 2p*2 2p4 3s2 3p*2 3p4 3d*4 3d6 6s1,3.1144390904231786e-13,75.0775599999979,2.7474291004808
3p,3,0,1s2 2s2 2p*2 2p4 3s2 3p*1 3p4 3d*4 3d6 4s1 6s1,6s,1,0,1s2 2s2 2p*2 2p4 3s2 3p*2 3p4 3d*4 3d6 4s1,1.017094483614811e-08,80.52404999999999,2.7474291004807996
3p,3,1,1s2 2s2 2p*2 2p4 3s2 3p*1 3p4 3d*4 3d6 4s1 6s1,3d,1,0,1s2 2s2 2p*2 2p4 3s2 3p*2 3p4 3d*3 3d6 4s1 6s1,6.490177043396911e-11,74.44154999999591,2.639925880221883
3p,3,1,1s2 2s2 2p*2 2p4 3s2 3p*1 3p4 3d*4 3d6 4s1 6s1,3d,3,0,1s2 2s2 2p*2 2p4 3s2 3p*2 3p4 3d*3 3d6 4s1 6s1,3.543070770360542e-07,75.87666999999783,2.639925880221883
3p,3,1,1s2 2s2 2p*2 2p4 3s2 3p*1 3p4 3d*4 3d6 4s1 6s1,3d,3,1,1s2 2s2 2p*2 2p4 3s2 3p*2 3p4 3d*3 3d6 4s1 6s1,4.418288699552021e-07,75.72574999999779,2.6399258802218832
3p,3,1,1s2 2s2 2p*2 2p4 3s2 3p*1 3p4 3d*4 3d6 4s1 6s1,3d,3,2,1s2 2s2 2p*2 2p4 3s2 3p*2 3p4 3d*3 3d6 4s1 6s1,3.4501206540823925e-07,75.34902999999758,2.639925880221884
3p,3,1,1s2 2s2 2p*2 2p4 3s2 3p*1 3p4 3d*4 3d6 4s1 6s1,3d,5,0,1s2 2s2 2p*2 2p4 3s2 3p*2 3p4 3d*3 3d6 4s1 6s1,4.131119049358986e-08,75.97101999999722,2.6399258802218832
3p,3,1,1s2 2s2 2p*2 2p4 3s2 3p*1 3p4 3d*4 3d6 4s1 6s1,3d,5,1,1s2 2s2 2p*2 2p4 3s2 3p*2 3p4 3d*3 3d6 4s1 6s1,3.463908587103266e-06,75.85762999999861,2.6399258802218832
3p,3,1,1s2 2s2 2p*2 2p4 3s2 3p*1 3p4 3d*4 3d6 4s1 6s1,3d,5,2,1s2 2s2 2p*2 2p4 3s2 3p*2 3p4 3d*3 3d6 4s1 6s1,2.6430736233862215e-06,75.36540999999852,2.6399258802218837
3p,3,1,1s2 2s2 2p*2 2p4 3s2 3p*1 3p4 3d*4 3d6 4s1 6s1,3d,7,0,1s2 2s2 2p*2 2p4 3s2 3p*2 3p4 3d*4 3d5 4s1 6s1,2.896542207636132e-18,74.69023000000016,2.639925880221883
3p,3,1,1s2 2s2 2p*2 2p4 3s2 3p*1 3p4 3d*4 3d6 4s1 6s1,3p,1,0,1s2 2s2 2p*2 2p4 3s2 3p*1 3p4 3d*4 3d6 4s1 6s1,2.081516626186471e-21,0.028070000000298,5.298684279625265
3p,3,1,1s2 2s2 2p*2 2p4 3s2 3p*1 3p4 3d*4 3d6 4s1 6s1,3p,3,0,1s2 2s2 2p*2 2p4 3s2 3p*1 3p4 3d*4 3d6 4s1 6s1,2.253670480673738e-19,0.2416200000006938,5.387354980702682
3p,3,1,1s2 2s2 2p*2 2p4 3s2 3p*1 3p4 3d*4 3d6 4s1 6s1,4s,1,0,1s2 2s2 2p*2 2p4 3s2 3p*2 3p4 3d*4 3d6 6s1,4.116965432761911e-09,75.3191799999986,2.6399258802218832
3p,3,1,1s2 2s2 2p*2 2p4 3s2 3p*1 3p4 3d*4 3d6 4s1 6s1,6s,1,0,1s2 2s2 2p*2 2p4 3s2 3p*2 3p4 3d*4 3d6 4s1,4.423109073965587e-08,80.76567000000068,2.639925880221883
3p,3,2,1s2 2s2 2p*2 2p4 3s2 3p*1 3p4 3d*4 3d6 4s1 6s1,3d,1,0,1s2 2s2 2p*2 2p4 3s2 3p*2 3p4 3d*3 3d6 4s1 6s1,1.8667665698634892e-07,78.13712999999552,2.7794098184614553
3p,3,2,1s2 2s2 2p*2 2p4 3s2 3p*1 3p4 3d*4 3d6 4s1 6s1,3d,3,0,1s2 2s2 2p*2 2p4 3s2 3p*2 3p4 3d*3 3d6 4s1 6s1,9.327320377247108e-13,79.57224999999744,2.7794098184614553
3p,3,2,1s2 2s2 2p*2 2p4 3s2 3p*1 3p4 3d*4 3d6 4s1 6s1,3d,3,1,1s2 2s2 2p*2 2p4 3s2 3p*2 3p4 3d*3 3d6 4s1 6s1,5.077044286979143e-10,79.4213299999974,2.7794098184614553
3p,3,2,1s2 2s2 2p*2 2p4 3s2 3p*1 3p4 3d*4 3d6 4s1 6s1,3d,3,2,1s2 2s2 2p*2 2p4 3s2 3p*2 3p4 3d*3 3d6 4s1 6s1,3.4123814336984374e-10,79.04460999999719,2.7794098184614566
3p,3,2,1s2 2s2 2p*2 2p4 3s2 3p*1 3p4 3d*4 3d6 4s1 6s1,3d,5,0,1s2 2s2 2p*2 2p4 3s2 3p*2 3p4 3d*3 3d6 4s1 6s1,2.5242223336042197e-11,79.66659999999683,2.7794098184614553
3p,3,2,1s2 2s2 2p*2 2p4 3s2 3p*1 3p4 3d*4 3d6 4s1 6s1,3d,5,1,1s2 2s2 2p*2 2p4 3s2 3p*2 3p4 3d*3 3d6 4s1 6s1,1.2379420015156207e-09,79.55320999999822,2.7794098184614553
3p,3,2,1s2 2s2 2p*2 2p4 3s2 3p*1 3p4 3d*4 3d6 4s1 6s1,3d,5,2,1s2 2s2 2p*2 2p4 3s2 3p*2 3p4 3d*3 3d6 4s1 6s1,1.0381235705866093e-09,79.06098999999813,2.7794098184614557
3p,3,2,1s2 2s2 2p*2 2p4 3s2 3p*1 3p4 3d*4 3d6 4s1 6s1,3d,7,0,1s2 2s2 2p*2 2p4 3s2 3p*2 3p4 3d*4 3d5 4s1 6s1,1.138147247681442e-14,78.38580999999976,2.7794098184614553
3p,3,2,1s2 2s2 2p*2 2p4 3s2 3p*1 3p4 3d*4 3d6 4s1 6s1,3p,1,0,1s2 2s2 2p*2 2p4 3s2 3p*1 3p4 3d*4 3d6 4s1 6s1,6.5625589009868065e-21,3.723649999999907,5.4381682178648365
3p,3,2,1s2 2s2 2p*2 2p4 3s2 3p*1 3p4 3d*4 3d6 4s1 6s1,3p,1,1,1s2 2s2 2p*2 2p4 3s2 3p*1 3p4 3d*4 3d6 4s1 6s1,2.485309326245765e-24,1.4575799999947776,5.628648076622343
3p,3,2,1s2 2s2 2p*2 2p4 3s2 3p*1 3p4 3d*4 3d6 4s1 6s1,3p,3,0,1s2 2s2 2p*2 2p4 3s2 3p*1 3p4 3d*4 3d6 4s1 6s1,1.0786390407696435e-18,3.937200000000303,5.526838918942254
3p,3,2,1s2 2s2 2p*2 2p4 3s2 3p*1 3p4 3d*4 3d6 4s1 6s1,3p,3,1,1s2 2s2 2p*2 2p4 3s2 3p*1 3p4 3d*4 3d6 4s1 6s1,1.5486895400427017e-18,3.695579999999609,5.419335698683337
3p,3,2,1s2 2s2 2p*2 2p4 3s2 3p*1 3p4 3d*4 3d6 4s1 6s1,3p,5,0,1s2 2s2 2p*2 2p4 3s2 3p*2 3p3 3d*4 3d6 4s1 6s1,4.635025046277922e-15,2.6616699999940465,5.550303081398031
3p,3,2,1s2 2s2 2p*2 2p4 3s2 3p*1 3p4 3d*4 3d6 4s1 6s1,4s,1,0,1s2 2s2 2p*2 2p4 3s2 3p*2 3p4 3d*4 3d6 6s1,2.383174029419035e-07,79.0147599999982,2.7794098184614553
3p,3,2,1s2 2s2 2p*2 2p4 3s2 3p*1 3p4 3d*4 3d6 4s1 6s1,6s,1,0,1s2 2s2 2p*2 2p4 3s2 3p*2 3p4 3d*4 3d6 4s1,1.3970989250091114e-08,84.46125000000029,2.7794098184614553
3p,5,0,1s2 2s2 2p*2 2p4 3s2 3p*2 3p3 3d*4 3d6 4s1 6s1,3d,1,0,1s2 2s2 2p*2 2p4 3s2 3p*2 3p4 3d*3 3d6 4s1 6s1,3.788006075803569e-16,75.47546000000148,2.770893262936576
3p,5,0,1s2 2s2 2p*2 2p4 3s2 3p*2 3p3 3d*4 3d6 4s1 6s1,3d,3,0,1s2 2s2 2p*2 2p4 3s2 3p*2 3p4 3d*3 3d6 4s1 6s1,7.250349776090111e-12,76.91058000000339,2.770893262936576
3p,5,0,1s2 2s2 2p*2 2p4 3s2 3p*2 3p3 3d*4 3d6 4s1 6s1,3d,3,1,1s2 2s2 2p*2 2p4 3s2 3p*2 3p4 3d*3 3d6 4s1 6s1,6.46621359199754e-11,76.75966000000335,2.770893262936576
3p,5,0,1s2 2s2 2p*2 2p4 3s2 3p*2 3p3 3d*4 3d6 4s1 6s1,3d,3,2,1s2 2s2 2p*2 2p4 3s2 3p*2 3p4 3d*3 3d6 4s1 6s1,6.1268804993055566e-12,76.38294000000315,2.7708932629365775
3p,5,0,1s2 2s2 2p*2 2p4 3s2 3p*2 3p3 3d*4 3d6 4s1 6s1,3d,5,0,1s2 2s2 2p*2 2p4 3s2 3p*2 3p4 3d*3 3d6 4s1 6s1,5.358196620203965e-10,77.00493000000279,2.770893262936576
3p,5,0,1s2 2s2 2p*2 2p4 3s2 3p*2 3p3 3d*4 3d6 4s1 6s1,3d,5,1,1s2 2s2 2p*2 2p4 3s2 3p*2 3p4 3d*3 3d6 4s1 6s1,9.372755341319163e-10,76.89154000000417,2.770893262936576
3p,5,0,1s2 2s2 2p*2 2p4 3s2 3p*2 3p3 3d*4 3d6 4s1 6s1,3d,5,2,1s2 2s2 2p*2 2p4 3s2 3p*2 3p4 3d*3 3d6 4s1 6s1,3.839755263233005e-11,76.39932000000408,2.7708932629365766
3p,5,0,1s2 2s2 2p*2 2p4 3s2 3p*2 3p3 3d*4 3d6 4s1 6s1,3d,7,0,1s2 2s2 2p*2 2p4 3s2 3p*2 3p4 3d*4 3d5 4s1 6s1,8.52697621879217e-06,75.72414000000572,2.770893262936576
3p,5,0,1s2 2s2 2p*2 2p4 3s2 3p*2 3p3 3d*4 3d6 4s1 6s1,3p,1,0,1s2 2s2 2p*2 2p4 3s2 3p*1 3p4 3d*4 3d6 4s1 6s1,1.5257102352603357e-25,1.0619800000058603,5.429651662339958
3p,5,0,1s2 2s2 2p*2 2p4 3s2 3p*2 3p3 3d*4 3d6 4s1 6s1,3p,3,0,1s2 2s2 2p*2 2p4 3s2 3p*1 3p4 3d*4 3d6 4s1 6s1,2.2161230229779523e-19,1.2755300000062562,5.518322363417376
3p,5,0,1s2 2s2 2p*2 2p4 3s2 3p*2 3p3 3d*4 3d6 4s1 6s1,3p,3,1,1s2 2s2 2p*2 2p4 3s2 3p*1 3p4 3d*4 3d6 4s1 6s1,1.3337619639619404e-19,1.0339100000055623,5.4108191431584585
3p,5,0,1s2 2s2 2p*2 2p4 3s2 3p*2 3p3 3d*4 3d6 4s1 6s1,4s,1,0,1s2 2s2 2p*2 2p4 3s2 3p*2 3p4 3d*4 3d6 6s1,1.4960230436193272e-15,76.35309000000416,2.770893262936576
3p,5,0,1s2 2s2 2p*2 2p4 3s2 3p*2 3p3 3d*4 3d6 4s1 6s1,6s,1,0,1s2 2s2 2p*2 2p4 3s2 3p*2 3p4 3d*4 3d6 4s1,1.0796303392582645e-16,81.79958000000624,2.770893262936576
3s,1,0,1s2 2s2 2p*2 2p4 3s1 3p*2 3p4 3d*4 3d6 4s1 6s1,3d,1,0,1s2 2s2 2p*2 2p4 3s2 3p*2 3p4 3d*3 3d6 4s1 6s1,4.403308114060619e-21,124.82295999999768,3.3950515556852765
3s,1,0,1s2 2s2 2p*2 2p4 3s1 3p*2 3p4 3d*4 3d6 4s1 6s1,3d,3,0,1s2 2s2 2p*2 2p4 3s2 3p*2 3p4 3d*3 3d6 4s1 6s1,9.502584829517832e-14,126.2580799999996,3.3950515556852765
3s,1,0,1s2 2s2 2p*2 2p4 3s1 3p*2 3p4 3d*4 3d6 4s1 6s1,3d,3,1,1s2 2s2 2p*2 2p4 3s2 3p*2 3p4 3d*3 3d6 4s1 6s1,5.135332417904352e-13,126.10715999999957,3.3950515556852765
3s,1,0,1s2 2s2 2p*2 2p4 3s1 3p*2 3p4 3d*4 3d6 4s1 6s1,3d,3,2,1s2 2s2 2p*2 2p4 3s2 3p*2 3p4 3d*3 3d6 4s1 6s1,1.1074902328355206e-14,125.73043999999936,3.395051555685278
3s,1,0,1s2 2s2 2p*2 2p4 3s1 3p*2 3p4 3d*4 3d6 4s1 6s1,3d,5,0,1s2 2s2 2p*2 2p4 3s2 3p*2 3p4 3d*3 3d6 4s1 6s1,5.104651869915324e-13,126.352429999999,3.3950515556852765
3s,1,0,1s2 2s2 2p*2 2p4 3s1 3p*2 3p4 3d*4 3d6 4s1 6s1,3d,5,1,1s2 2s2 2p*2 2p4 3s2 3p*2 3p4 3d*3 3d6 4s1 6s1,4.4969104430912817e-13,126.2390400000004,3.395051555685277
3s,1,0,1s2 2s2 2p*2 2p4 3s1 3p*2 3p4 3d*4 3d6 4s1 6s1,3d,5,2,1s2 2s2 2p*2 2p4 3s2 3p*2 3p4 3d*3 3d6 4s1 6s1,1.6030513621546577e-13,125.7468200000003,3.395051555685277
3s,1,0,1s2 2s2 2p*2 2p4 3s1 3p*2 3p4 3d*4 3d6 4s1 6s1,3d,7,0,1s2 2s2 2p*2 2p4 3s2 3p*2 3p4 3d*4 3d5 4s1 6s1,1.7819242884635147e-20,125.07164000000192,3.3950515556852765
3s,1,0,1s2 2s2 2p*2 2p4 3s1 3p*2 3p4 3d*4 3d6 4s1 6s1,3p,1,0,1s2 2s2 2p*2 2p4 3s2 3p*1 3p4 3d*4 3d6 4s1 6s1,3.0485753166961426e-10,50.40948000000208,6.053809955088658
3s,1,0,1s2 2s2 2p*2 2p4 3s1 3p*2 3p4 3d*4 3d6 4s1 6s1,3p,1,1,1s2 2s2 2p*2 2p4 3s2 3p*1 3p4 3d*4 3d6 4s1 6s1,5.461428352928329e-11,48.14340999999695,6.244289813846165
3s,1,0,1s2 2s2 2p*2 2p4 3s1 3p*2 3p4 3d*4 3d6 4s1 6s1,3p,1,2,1s2 2s2 2p*2 2p4 3s2 3p*1 3p4 3d*4 3d6 4s1 6s1,4.391825931092845e-07,46.17906000000221,6.2345189538816985
3s,1,0,1s2 2s2 2p*2 2p4 3s1 3p*2 3p4 3d*4 3d6 4s1 6s1,3p,3,0,1s2 2s2 2p*2 2p4 3s2 3p*1 3p4 3d*4 3d6 4s1 6s1,1.448989450878318e-09,50.62303000000247,6.142480656166076
3s,1,0,1s2 2s2 2p*2 2p4 3s1 3p*2 3p4 3d*4 3d6 4s1 6s1,3p,3,1,1s2 2s2 2p*2 2p4 3s2 3p*1 3p4 3d*4 3d6 4s1 6s1,1.2192003860821411e-11,50.38141000000178,6.03497743590716
3s,1,0,1s2 2s2 2p*2 2p4 3s1 3p*2 3p4 3d*4 3d6 4s1 6s1,3p,3,2,1s2 2s2 2p*2 2p4 3s2 3p*1 3p4 3d*4 3d6 4s1 6s1,9.655842164022266e-10,46.68583000000217,6.174461374146731
3s,1,0,1s2 2s2 2p*2 2p4 3s1 3p*2 3p4 3d*4 3d6 4s1 6s1,3p,5,0,1s2 2s2 2p*2 2p4 3s2 3p*2 3p3 3d*4 3d6 4s1 6s1,3.1636685698631965e-18,49.34749999999622,6.165944818621853
3s,1,0,1s2 2s2 2p*2 2p4 3s1 3p*2 3p4 3d*4 3d6 4s1 6s1,3s,1,1,1s2 2s2 2p*2 2p4 3s1 3p*2 3p4 3d*4 3d6 4s1 6s1,6.300611619724576e-18,1.5180400000026566,6.347384367488583
3s,1,0,1s2 2s2 2p*2 2p4 3s1 3p*2 3p4 3d*4 3d6 4s1 6s1,3s,3,0,1s2 2s2 2p*2 2p4 3s1 3p*2 3p4 3d*4 3d6 4s1 6s1,8.852525572600238e-26,0.5041199999977835,6.568460074895788
3s,1,0,1s2 2s2 2p*2 2p4 3s1 3p*2 3p4 3d*4 3d6 4s1 6s1,4s,1,0,1s2 2s2 2p*2 2p4 3s2 3p*2 3p4 3d*4 3d6 6s1,1.0117552906744977e-16,125.70059000000036,3.3950515556852765
3s,1,0,1s2 2s2 2p*2 2p4 3s1 3p*2 3p4 3d*4 3d6 4s1 6s1,6s,1,0,1s2 2s2 2p*2 2p4 3s2 3p*2 3p4 3d*4 3d6 4s1,2.0094111004485087e-15,131.14708000000246,3.3950515556852765
3s,1,1,1s2 2s2 2p*2 2p4 3s1 3p*2 3p4 3d*4 3d6 4s1 6s1,3d,1,0,1s2 2s2 2p*2 2p4 3s2 3p*2 3p4 3d*3 3d6 4s1 6s1,1.511141811868085e-20,123.30491999999504,2.9523328118033056
3s,1,1,1s2 2s2 2p*2 2p4 3s1 3p*2 3p4 3d*4 3d6 4s1 6s1,3d,3,0,1s2 2s2 2p*2 2p4 3s2 3p*2 3p4 3d*3 3d6 4s1 6s1,5.4242356246771326e-11,124.74003999999697,2.9523328118033056
3s,1,1,1s2 2s2 2p*2 2p4 3s1 3p*2 3p4 3d*4 3d6 4s1 6s1,3d,3,1,1s2 2s2 2p*2 2p4 3s2 3p*2 3p4 3d*3 3d6 4s1 6s1,1.597243709573687e-10,124.58911999999692,2.952332811803306
3s,1,1,1s2 2s2 2p*2 2p4 3s1 3p*2 3p4 3d*4 3d6 4s1 6s1,3d,3,2,1s2 2s2 2p*2 2p4 3s2 3p*2 3p4 3d*3 3d6 4s1 6s1,2.0044720208155555e-10,124.2123999999967,2.952332811803307
3s,1,1,1s2 2s2 2p*2 2p4 3s1 3p*2 3p4 3d*4 3d6 4s1 6s1,3d,5,0,1s2 2s2 2p*2 2p4 3s2 3p*2 3p4 3d*3 3d6 4s1 6s1,2.081912451079773e-10,124.83438999999636,2.952332811803306
3s,1,1,1s2 2s2 2p*2 2p4 3s1 3p*2 3p4 3d*4 3d6 4s1 6s1,3d,5,1,1s2 2s2 2p*2 2p4 3s2 3p*2 3p4 3d*3 3d6 4s1 6s1,2.868863062094249e-10,124.72099999999772,2.952332811803306
3s,1,1,1s2 2s2 2p*2 2p4 3s1 3p*2 3p4 3d*4 3d6 4s1 6s1,3d,5,2,1s2 2s2 2p*2 2p4 3s2 3p*2 3p4 3d*3 3d6 4s1 6s1,1.231193597467563e-10,124.22877999999764,2.952332811803306
3s,1,1,1s2 2s2 2p*2 2p4 3s1 3p*2 3p4 3d*4 3d6 4s1 6s1,3d,7,0,1s2 2s2 2p*2 2p4 3s2 3p*2 3p4 3d*4 3d5 4s1 6s1,1.103573507374013e-24,123.55359999999928,2.9523328118033056
3s,1,1,1s2 2s2 2p*2 2p4 3s1 3p*2 3p4 3d*4 3d6 4s1 6s1,3p,1,0,1s2 2s2 2p*2 2p4 3s2 3p*1 3p4 3d*4 3d6 4s1 6s1,1.1568354011126672e-07,48.89143999999942,5.611091211206688
3s,1,1,1s2 2s2 2p*2 2p4 3s1 3p*2 3p4 3d*4 3d6 4s1 6s1,3p,1,1,1s2 2s2 2p*2 2p4 3s2 3p*1 3p4 3d*4 3d6 4s1 6s1,2.7036765044621335e-08,46.62536999999429,5.801571069964194
3s,1,1,1s2 2s2 2p*2 2p4 3s1 3p*2 3p4 3d*4 3d6 4s1 6s1,3p,1,2,1s2 2s2 2p*2 2p4 3s2 3p*1 3p4 3d*4 3d6 4s1 6s1,2.6498126554572827e-09,44.66101999999955,5.791800209999727
3s,1,1,1s2 2s2 2p*2 2p4 3s1 3p*2 3p4 3d*4 3d6 4s1 6s1,3p,3,0,1s2 2s2 2p*2 2p4 3s2 3p*1 3p4 3d*4 3d6 4s1 6s1,3.476637229197411e-07,49.104989999999816,5.699761912284105
3s,1,1,1s2 2s2 2p*2 2p4 3s1 3p*2 3p4 3d*4 3d6 4s1 6s1,3p,3,1,1s2 2s2 2p*2 2p4 3s2 3p*1 3p4 3d*4 3d6 4s1 6s1,1.4266841438247795e-06,48.86336999999912,5.592258692025188
3s,1,1,1s2 2s2 2p*2 2p4 3s1 3p*2 3p4 3d*4 3d6 4s1 6s1,3p,3,2,1s2 2s2 2p*2 2p4 3s2 3p*1 3p4 3d*4 3d6 4s1 6s1,9.256734315734303e-10,45.16778999999951,5.731742630264761
3s,1,1,1s2 2s2 2p*2 2p4 3s1 3p*2 3p4 3d*4 3d6 4s1 6s1,3p,5,0,1s2 2s2 2p*2 2p4 3s2 3p*2 3p3 3d*4 3d6 4s1 6s1,2.4942741030639295e-18,47.82945999999356,5.723226074739881
3s,1,1,1s2 2s2 2p*2 2p4 3s1 3p*2 3p4 3d*4 3d6 4s1 6s1,4s,1,0,1s2 2s2 2p*2 2p4 3s2 3p*2 3p4 3d*4 3d6 6s1,7.505211700898378e-13,124.18254999999772,2.952332811803306
3s,1,1,1s2 2s2 2p*2 2p4 3s1 3p*2 3p4 3d*4 3d6 4s1 6s1,6s,1,0,1s2 2s2 2p*2 2p4 3s2 3p*2 3p4 3d*4 3d6 4s1,4.169688392345091e-12,129.6290399999998,2.9523328118033056
3s,3,0,1s2 2s2 2p*2 2p4 3s1 3p*2 3p4 3d*4 3d6 4s1 6s1,3d,1,0,1s2 2s2 2p*2 2p4 3s2 3p*2 3p4 3d*3 3d6 4s1 6s1,5.05781038647983e-10,124.31883999999992,3.1734085192105113
3s,3,0,1s2 2s2 2p*2 2p4 3s1 3p*2 3p4 3d*4 3d6 4s1 6s1,3d,3,0,1s2 2s2 2p*2 2p4 3s2 3p*2 3p4 3d*3 3d6 4s1 6s1,2.860768905291083e-14,125.75396000000184,3.1734085192105113
3s,3,0,1s2 2s2 2p*2 2p4 3s1 3p*2 3p4 3d*4 3d6 4s1 6s1,3d,3,1,1s2 2s2 2p*2 2p4 3s2 3p*2 3p4 3d*3 3d6 4s1 6s1,2.9593013155472746e-13,125.60304000000178,3.1734085192105113
3s,3,0,1s2 2s2 2p*2 2p4 3s1 3p*2 3p4 3d*4 3d6 4s1 6s1,3d,3,2,1s2 2s2 2p*2 2p4 3s2 3p*2 3p4 3d*3 3d6 4s1 6s1,2.8122338374035997e-14,125.22632000000158,3.1734085192105126
3s,3,0,1s2 2s2 2p*2 2p4 3s1 3p*2 3p4 3d*4 3d6 4s1 6s1,3d,5,0,1s2 2s2 2p*2 2p4 3s2 3p*2 3p4 3d*3 3d6 4s1 6s1,4.0486854333192395e-13,125.84831000000122,3.1734085192105113
3s,3,0,1s2 2s2 2p*2 2p4 3s1 3p*2 3p4 3d*4 3d6 4s1 6s1,3d,5,1,1s2 2s2 2p*2 2p4 3s2 3p*2 3p4 3d*3 3d6 4s1 6s1,7.175505328265342e-13,125.7349200000026,3.173408519210512
3s,3,0,1s2 2s2 2p*2 2p4 3s1 3p*2 3p4 3d*4 3d6 4s1 6s1,3d,5,2,1s2 2s2 2p*2 2p4 3s2 3p*2 3p4 3d*3 3d6 4s1 6s1,2.863973464260577e-14,125.24270000000251,3.173408519210512
3s,3,0,1s2 2s2 2p*2 2p4 3s1 3p*2 3p4 3d*4 3d6 4s1 6s1,3d,7,0,1s2 2s2 2p*2 2p4 3s2 3p*2 3p4 3d*4 3d5 4s1 6s1,2.052971147194534e-09,124.56752000000417,3.1734085192105113
3s,3,0,1s2 2s2 2p*2 2p4 3s1 3p*2 3p4 3d*4 3d6 4s1 6s1,3p,1,0,1s2 2s2 2p*2 2p4 3s2 3p*1 3p4 3d*4 3d6 4s1 6s1,9.586007771490002e-12,49.90536000000429,5.832166918613893
3s,3,0,1s2 2s2 2p*2 2p4 3s1 3p*2 3p4 3d*4 3d6 4s1 6s1,3p,1,1,1s2 2s2 2p*2 2p4 3s2 3p*1 3p4 3d*4 3d6 4s1 6s1,1.5499072426889696e-11,47.63928999999917,6.022646777371399
3s,3,0,1s2 2s2 2p*2 2p4 3s1 3p*2 3p4 3d*4 3d6 4s1 6s1,3p,1,2,1s2 2s2 2p*2 2p4 3s2 3p*1 3p4 3d*4 3d6 4s1 6s1,2.307883961013837e-10,45.674940000004426,6.012875917406933
3s,3,0,1s2 2s2 2p*2 2p4 3s1 3p*2 3p4 3d*4 3d6 4s1 6s1,3p,3,0,1s2 2s2 2p*2 2p4 3s2 3p*1 3p4 3d*4 3d6 4s1 6s1,4.866190204993285e-10,50.11891000000469,5.920837619691311
3s,3,0,1s2 2s2 2p*2 2p4 3s1 3p*2 3p4 3d*4 3d6 4s1 6s1,3p,3,1,1s2 2s2 2p*2 2p4 3s2 3p*1 3p4 3d*4 3d6 4s1 6s1,5.404120540746225e-10,49.877290000004,5.813334399432394
3s,3,0,1s2 2s2 2p*2 2p4 3s1 3p*2 3p4 3d*4 3d6 4s1 6s1,3p,3,2,1s2 2s2 2p*2 2p4 3s2 3p*1 3p4 3d*4 3d6 4s1 6s1,9.166417961306308e-07,46.18171000000439,5.9528183376719666
3s,3,0,1s2 2s2 2p*2 2p4 3s1 3p*2 3p4 3d*4 3d6 4s1 6s1,3p,5,0,1s2 2s2 2p*2 2p4 3s2 3p*2 3p3 3d*4 3d6 4s1 6s1,3.358834112633876e-06,48.84337999999843,5.944301782147087
3s,3,0,1s2 2s2 2p*2 2p4 3s1 3p*2 3p4 3d*4 3d6 4s1 6s1,3s,1,1,1s2 2s2 2p*2 2p4 3s1 3p*2 3p4 3d*4 3d6 4s1 6s1,6.903947475138472e-25,1.0139200000048731,6.125741331013817
3s,3,0,1s2 2s2 2p*2 2p4 3s1 3p*2 3p4 3d*4 3d6 4s1 6s1,4s,1,0,1s2 2s2 2p*2 2p4 3s2 3p*2 3p4 3d*4 3d6 6s1,9.617659273026881e-17,125.1964700000026,3.1734085192105113
3s,3,0,1s2 2s2 2p*2 2p4 3s1 3p*2 3p4 3d*4 3d6 4s1 6s1,6s,1,0,1s2 2s2 2p*2 2p4 3s2 3p*2 3p4 3d*4 3d6 4s1,6.914546372442108e-18,130.64296000000468,3.1734085192105113
4s,1,0,1s2 2s2 2p*2 2p4 3s2 3p*2 3p4 3d*4 3d6 6s1,3d,3,0,1s2 2s2 2p*2 2p4 3s2 3p*2 3p4 3d*3 3d6 4s1 6s1,4.75323830295746e-06,0.557489999999234,2.486373203470154e-16
4s,1,0,1s2 2s2 2p*2 2p4 3s2 3p*2 3p4 3d*4 3d6 6s1,3d,3,1,1s2 2s2 2p*2 2p4 3s2 3p*2 3p4 3d*3 3d6 4s1 6s1,2.51567791846725e-07,0.4065699999991921,4.1689493051115535e-16
4s,1,0,1s2 2s2 2p*2 2p4 3s2 3p*2 3p4 3d*4 3d6 6s1,3d,3,2,1s2 2s2 2p*2 2p4 3s2 3p*2 3p4 3d*3 3d6 4s1 6s1,1.1908347664425476e-11,0.0298499999989871,1.3509872072013471e-15
4s,1,0,1s2 2s2 2p*2 2p4 3s2 3p*2 3p4 3d*4 3d6 6s1,3d,5,0,1s2 2s2 2p*2 2p4 3s2 3p*2 3p4 3d*3 3d6 4s1 6s1,3.2151966291430098e-06,0.6518399999986286,3.59884158566925e-16
4s,1,0,1s2 2s2 2p*2 2p4 3s2 3p*2 3p4 3d*4 3d6 6s1,3d,5,1,1s2 2s2 2p*2 2p4 3s2 3p*2 3p4 3d*3 3d6 4s1 6s1,6.857382173857625e-07,0.5384500000000116,5.201988025891148e-16
4s,1,0,1s2 2s2 2p*2 2p4 3s2 3p*2 3p4 3d*4 3d6 6s1,3d,5,2,1s2 2s2 2p*2 2p4 3s2 3p*2 3p4 3d*3 3d6 4s1 6s1,2.081189361732453e-10,0.0462299999999231,8.361841924776393e-16
4s,1,0,1s2 2s2 2p*2 2p4 3s2 3p*2 3p4 3d*4 3d6 6s1,6s,1,0,1s2 2s2 2p*2 2p4 3s2 3p*2 3p4 3d*4 3d6 4s1,0.9999910940390313,5.446490000002086,1.6903691808768374e-16
